timestamp,price
0,0.593
1,0.594
2,0.5973
3,0.597
4,0.5985
5,0.604
6,0.607
7,0.6084
8,0.6115
9,0.609
10,0.612
11,0.614
12,0.6106
13,0.6118
14,0.6052
15,0.5915
16,0.5945
17,0.5928
18,0.595
19,0.597
20,0.602
21,0.5983
22,0.6003
23,0.5998
24,0.601
25,0.5936
26,0.5915
27,0.593
28,0.5926
29,0.5925
30,0.5815
31,0.585
32,0.5883
33,0.5898
34,0.5887
35,0.5897
36,0.5902
37,0.5882
38,0.5877
39,0.588
40,0.5872
41,0.5884
42,0.5878
43,0.5891
44,0.5889
45,0.5879
46,0.5907
47,0.5892
48,0.5863
49,0.5874
50,0.5898
51,0.588
52,0.5855
53,0.5832
54,0.5793
55,0.581
56,0.5785
57,0.5805
58,0.5808
59,0.5767
60,0.5783
61,0.579
62,0.5778
63,0.577
64,0.579
65,0.5782
66,0.578
67,0.5784
68,0.5783
69,0.5792
70,0.5796
71,0.5795
72,0.5796
73,0.5777
74,0.5788
75,0.5815
76,0.5827
77,0.5828
78,0.5818
79,0.5817
80,0.5755
81,0.5735
82,0.5748
83,0.5685
84,0.5708
85,0.5727
86,0.5726
87,0.5726
88,0.5747
89,0.5721
90,0.5739
91,0.57
92,0.5708
93,0.5725
94,0.5728
95,0.5735
96,0.5725
97,0.5735
98,0.5735
99,0.5737
100,0.5739
101,0.5733
102,0.5741
103,0.5757
104,0.5768
105,0.5752
106,0.5768
107,0.5776
108,0.5819
109,0.5828
110,0.5812
111,0.5785
112,0.5783
113,0.5806
114,0.5823
115,0.5816
116,0.5823
117,0.583
118,0.5825
119,0.5875
120,0.586
121,0.5852
122,0.5873
123,0.5872
124,0.5872
125,0.5883
126,0.5903
127,0.5902
128,0.59
129,0.5903
130,0.5912
131,0.5933
132,0.5938
133,0.5881
134,0.5918
135,0.5892
136,0.5918
137,0.5928
138,0.5923
139,0.595
140,0.5937
141,0.5942
142,0.5918
143,0.5894
144,0.5888
145,0.591
146,0.5918
147,0.594
148,0.589
149,0.5936
150,0.5987
151,0.6017
152,0.6018
153,0.601
154,0.6015
155,0.6085
156,0.6075
157,0.618
158,0.6173
159,0.619
160,0.6197
161,0.622
162,0.6258
163,0.6308
164,0.6295
165,0.628
166,0.6313
167,0.6303
168,0.6132
169,0.6153
170,0.6165
171,0.624
172,0.6255
173,0.6233
174,0.6202
175,0.6185
176,0.6215
177,0.624
178,0.6275
179,0.623
180,0.625
181,0.6225
182,0.619
183,0.613
184,0.6215
185,0.6204
186,0.6183
187,0.616
188,0.615
189,0.619
190,0.618
191,0.6183
192,0.6165
193,0.6163
194,0.6193
195,0.6168
196,0.6155
197,0.6167
198,0.6065
199,0.604
200,0.598
201,0.6
202,0.605
203,0.607
204,0.6048
205,0.6063
206,0.609
207,0.6098
208,0.613
209,0.6141
210,0.6145
211,0.6115
212,0.6071
213,0.6145
214,0.6145
215,0.6135
216,0.612
217,0.6105
218,0.6125
219,0.61
220,0.6095
221,0.6095
222,0.6118
223,0.6125
224,0.6137
225,0.6119
226,0.6113
227,0.61
228,0.6092
229,0.609
230,0.61
231,0.6093
232,0.609
233,0.6008
234,0.6025
235,0.6043
236,0.6005
237,0.6011
238,0.596
239,0.5985
240,0.5913
241,0.5872
242,0.5997
243,0.59
244,0.586
245,0.5855
246,0.586
247,0.585
248,0.5855
249,0.5865
250,0.5918
251,0.5935
252,0.5911
253,0.592
254,0.5923
255,0.5906
256,0.5905
257,0.5937
258,0.593
259,0.594
260,0.5972
261,0.5943
262,0.5947
263,0.596
264,0.596
265,0.5968
266,0.5966
267,0.5975
268,0.6002
269,0.5995
270,0.5987
271,0.5997
272,0.6002
273,0.5995
274,0.6003
275,0.603
276,0.6007
277,0.601
278,0.6032
279,0.6071
280,0.6062
281,0.6058
282,0.6045
283,0.5993
284,0.5992
285,0.5972
286,0.5974
287,0.6002
288,0.5988
289,0.5995
290,0.601
291,0.5977
292,0.5977
293,0.598
294,0.5979
295,0.596
296,0.5968
297,0.5965
298,0.593
299,0.594
300,0.5953
301,0.5957
302,0.5945
303,0.5891
304,0.5865
305,0.5865
306,0.5865
307,0.5865
308,0.5873
309,0.59
310,0.5928
311,0.5925
312,0.5943
313,0.5917
314,0.5905
315,0.591
316,0.5898
317,0.5895
318,0.5896
319,0.5921
320,0.5908
321,0.5909
322,0.5885
323,0.5841
324,0.5885
325,0.5843
326,0.5843
327,0.585
328,0.5847
329,0.588
330,0.5853
331,0.5848
332,0.5875
333,0.5876
334,0.5887
335,0.5899
336,0.5892
337,0.5875
338,0.5881
339,0.5896
340,0.5912
341,0.5902
342,0.5882
343,0.5888
344,0.5875
345,0.5785
346,0.582
347,0.5825
348,0.5834
349,0.5828
350,0.581
351,0.5811
352,0.583
353,0.5824
354,0.5795
355,0.5797
356,0.5763
357,0.574
358,0.5718
359,0.5712
360,0.576
361,0.575
362,0.5753
363,0.576
364,0.5752
365,0.575
366,0.5755
367,0.5763
368,0.5773
369,0.5754
370,0.5723
371,0.568
372,0.5685
373,0.5665
374,0.5686
375,0.5667
376,0.5632
377,0.5618
378,0.5624
379,0.5627
380,0.5645
381,0.5648
382,0.563
383,0.5674
384,0.5667
385,0.565
386,0.5664
387,0.571
388,0.5712
389,0.5711
390,0.5708
391,0.5714
392,0.5725
393,0.5757
394,0.574
395,0.5741
396,0.5735
397,0.5711
398,0.5717
399,0.5738
400,0.573
401,0.5731
402,0.5732
403,0.5705
404,0.575
405,0.5753
406,0.5755
407,0.5742
408,0.5735
409,0.573
410,0.5741
411,0.575
412,0.5744
413,0.5723
414,0.5745
415,0.5798
416,0.5814
417,0.5825
418,0.5822
419,0.582
420,0.5843
421,0.5863
422,0.587
423,0.5839
424,0.5843
425,0.5845
426,0.5856
427,0.5737
428,0.5643
429,0.5693
430,0.5678
431,0.5699
432,0.568
433,0.5665
434,0.5671
435,0.5673
436,0.568
437,0.5654
438,0.5635
439,0.5679
440,0.5661
441,0.5658
442,0.566
443,0.5628
444,0.5526
445,0.5565
446,0.5565
447,0.5551
448,0.5563
449,0.5566
450,0.564
451,0.5633
452,0.5585
453,0.5618
454,0.5611
455,0.5654
456,0.5667
457,0.566
458,0.5673
459,0.569
460,0.5682
461,0.567
462,0.564
463,0.561
464,0.5627
465,0.5619
466,0.5623
467,0.5618
468,0.56
469,0.5566
470,0.5562
471,0.5552
472,0.5588
473,0.5576
474,0.557
475,0.554
476,0.5496
477,0.5507
478,0.543
479,0.5435
480,0.544
481,0.5445
482,0.5435
483,0.5405
484,0.5403
485,0.5375
486,0.5379
487,0.5495
488,0.5515
489,0.5494
490,0.5442
491,0.5417
492,0.5443
493,0.5435
494,0.5385
495,0.5397
496,0.5415
497,0.5422
498,0.5405
499,0.5403
500,0.5405
501,0.5365
502,0.5409
503,0.5406
504,0.5399
505,0.5402
506,0.54
507,0.5415
508,0.5405
509,0.5416
510,0.5423
511,0.5412
512,0.5408
513,0.5397
514,0.5407
515,0.5415
516,0.5412
517,0.5412
518,0.5439
519,0.5422
520,0.5401
521,0.5414
522,0.541
523,0.5463
524,0.5466
525,0.5471
526,0.5482
527,0.5453
528,0.547
529,0.5477
530,0.5473
531,0.5483
532,0.5481
533,0.5479
534,0.5472
535,0.5456
536,0.5463
537,0.548
538,0.5497
539,0.5492
540,0.5489
541,0.5484
542,0.5495
543,0.5504
544,0.549
545,0.5483
546,0.5463
547,0.545
548,0.5446
549,0.547
550,0.5439
551,0.5423
552,0.5421
553,0.5437
554,0.5435
555,0.5447
556,0.5453
557,0.5445
558,0.5438
559,0.543
560,0.5413
561,0.5377
562,0.533
563,0.534
564,0.5348
565,0.5376
566,0.5386
567,0.5372
568,0.537
569,0.5382
570,0.5374
571,0.5368
572,0.5371
573,0.5337
574,0.532
575,0.533
576,0.5347
577,0.534
578,0.534
579,0.5333
580,0.5326
581,0.5336
582,0.5348
583,0.5355
584,0.5358
585,0.536
586,0.5352
587,0.5351
588,0.5356
589,0.5373
590,0.5369
591,0.5385
592,0.5407
593,0.5442
594,0.5434
595,0.5433
596,0.5436
597,0.5417
598,0.5423
599,0.542
600,0.5435
601,0.546
602,0.5445
603,0.5443
604,0.545
605,0.5447
606,0.5435
607,0.5438
608,0.5442
609,0.544
610,0.544
611,0.5448
612,0.5441
613,0.5438
614,0.5448
615,0.5455
616,0.5458
617,0.5467
618,0.5474
619,0.546
620,0.546
621,0.5482
622,0.5483
623,0.5475
624,0.5481
625,0.5488
626,0.5482
627,0.5461
628,0.5457
629,0.5453
630,0.5457
631,0.5453
632,0.5446
633,0.5443
634,0.544
635,0.5434
636,0.5426
637,0.5343
638,0.5371
639,0.538
640,0.5381
641,0.5398
642,0.5401
643,0.5384
644,0.5383
645,0.5408
646,0.5415
647,0.5417
648,0.5408
649,0.5392
650,0.5398
651,0.5401
652,0.5402
653,0.542
654,0.5383
655,0.5405
656,0.5436
657,0.5472
658,0.5537
659,0.545
660,0.5465
661,0.5465
662,0.5431
663,0.538
664,0.5385
665,0.5379
666,0.538
667,0.5365
668,0.5358
669,0.5372
670,0.5404
671,0.5433
672,0.545
673,0.5425
674,0.5432
675,0.5412
676,0.543
677,0.5431
678,0.5425
679,0.542
680,0.5405
681,0.5389
682,0.5391
683,0.54
684,0.5412
685,0.5399
686,0.5218
687,0.525
688,0.5245
689,0.5252
690,0.5237
691,0.523
692,0.5248
693,0.5205
694,0.515
695,0.517
696,0.5165
697,0.5148
698,0.515
699,0.5109
700,0.512
701,0.5127
702,0.516
703,0.5171
704,0.5186
705,0.5175
706,0.5183
707,0.5167
708,0.5155
709,0.5144
710,0.5188
711,0.5171
712,0.5154
713,0.5139
714,0.5148
715,0.5138
716,0.5134
717,0.5135
718,0.5121
719,0.5053
720,0.5055
721,0.508
722,0.5101
723,0.5129
724,0.5127
725,0.5123
726,0.5135
727,0.5125
728,0.5117
729,0.5147
730,0.5168
731,0.518
732,0.5156
733,0.518
734,0.5162
735,0.514
736,0.5145
737,0.5133
738,0.5091
739,0.5095
740,0.5115
741,0.513
742,0.512
743,0.5158
744,0.5157
745,0.516
746,0.5168
747,0.5252
748,0.5225
749,0.5233
750,0.5269
751,0.528
752,0.5268
753,0.53
754,0.5275
755,0.5265
756,0.528
757,0.5271
758,0.5271
759,0.5278
760,0.5266
761,0.5275
762,0.5335
763,0.5347
764,0.5336
765,0.5365
766,0.5292
767,0.5321
768,0.5323
769,0.534
770,0.5341
771,0.5345
772,0.5316
773,0.5276
774,0.5288
775,0.538
776,0.538
777,0.54
778,0.5415
779,0.5423
780,0.5407
781,0.5382
782,0.5413
783,0.5402
784,0.5433
785,0.5463
786,0.5398
787,0.5438
788,0.5415
789,0.5425
790,0.5438
791,0.543
792,0.5432
793,0.537
794,0.5392
795,0.5411
796,0.5442
797,0.5438
798,0.5473
799,0.5469
800,0.542
801,0.5422
802,0.5426
803,0.5376
804,0.5363
805,0.5339
806,0.5356
807,0.5371
808,0.542
809,0.5422
810,0.5438
811,0.5445
812,0.5423
813,0.5412
814,0.5383
815,0.5366
816,0.5372
817,0.5373
818,0.5378
819,0.5366
820,0.5412
821,0.5428
822,0.5443
823,0.5465
824,0.551
825,0.55
826,0.5495
827,0.5483
828,0.5503
829,0.5492
830,0.5492
831,0.547
832,0.547
833,0.5495
834,0.5505
835,0.551
836,0.5525
837,0.5524
838,0.5512
839,0.5515
840,0.554
841,0.5521
842,0.5521
843,0.5515
844,0.5535
845,0.55
846,0.5572
847,0.5489
848,0.5493
849,0.551
850,0.5515
851,0.553
852,0.554
853,0.555
854,0.555
855,0.5535
856,0.5505
857,0.5528
858,0.5565
859,0.555
860,0.552
861,0.551
862,0.552
863,0.5535
864,0.5478
865,0.5425
866,0.5483
867,0.5525
868,0.5522
869,0.551
870,0.5512
871,0.5528
872,0.5527
873,0.5515
874,0.5515
875,0.5525
876,0.5537
877,0.5541
878,0.5536
879,0.5547
880,0.5545
881,0.552
882,0.55
883,0.5504
884,0.5505
885,0.5503
886,0.548
887,0.5476
888,0.5495
889,0.5515
890,0.5521
891,0.5518
892,0.5516
893,0.55
894,0.5515
895,0.555
896,0.5557
897,0.556
898,0.5568
899,0.556
900,0.5556
901,0.5545
902,0.554
903,0.554
904,0.5545
905,0.5547
906,0.5545
907,0.5545
908,0.5572
909,0.5531
910,0.5455
911,0.5393
912,0.5385
913,0.5382
914,0.5387
915,0.55
916,0.55
917,0.548
918,0.5472
919,0.5475
920,0.5486
921,0.5468
922,0.545
923,0.5455
924,0.5463
925,0.5477
926,0.5495
927,0.5502
928,0.5505
929,0.5555
930,0.555
931,0.5557
932,0.554
933,0.5561
934,0.559
935,0.561
936,0.5613
937,0.561
938,0.5613
939,0.561
940,0.5593
941,0.558
942,0.5585
943,0.5595
944,0.5583
945,0.5575
946,0.559
947,0.562
948,0.562
949,0.5613
950,0.5557
951,0.5568
952,0.5584
953,0.5595
954,0.5587
955,0.5573
956,0.558
957,0.563
958,0.565
959,0.5648
960,0.5657
961,0.5658
962,0.567
963,0.5685
964,0.5683
965,0.5675
966,0.5673
967,0.5725
968,0.5723
969,0.5715
970,0.571
971,0.572
972,0.5755
973,0.5755
974,0.575
975,0.5728
976,0.5725
977,0.572
978,0.574
979,0.575
980,0.5735
981,0.578
982,0.5785
983,0.5785
984,0.5777
985,0.575
986,0.5765
987,0.5701
988,0.5697
989,0.5735
990,0.577
991,0.576
992,0.5743
993,0.572
994,0.5725
995,0.5755
996,0.576
997,0.575
998,0.5735
999,0.5728
1000,0.5693
1001,0.569
1002,0.5702
1003,0.5665
1004,0.5663
1005,0.5688
1006,0.5663
1007,0.5593
1008,0.5613
1009,0.5637
1010,0.566
1011,0.5682
1012,0.5713
1013,0.5703
1014,0.569
1015,0.5657
1016,0.568
1017,0.5685
1018,0.5665
1019,0.5653
1020,0.5672
1021,0.5682
1022,0.5725
1023,0.573
1024,0.5743
1025,0.574
1026,0.574
1027,0.577
1028,0.5767
1029,0.5755
1030,0.5765
1031,0.5776
1032,0.5765
1033,0.579
1034,0.5815
1035,0.5805
1036,0.5817
1037,0.5835
1038,0.5863
1039,0.5855
1040,0.5855
1041,0.5855
1042,0.5868
1043,0.5885
1044,0.5877
1045,0.5882
1046,0.5877
1047,0.5877
1048,0.5945
1049,0.5942
1050,0.5933
1051,0.5943
1052,0.593
1053,0.591
1054,0.5905
1055,0.5887
1056,0.5886
1057,0.5887
1058,0.5864
1059,0.587
1060,0.5876
1061,0.591
1062,0.595
1063,0.5953
1064,0.5936
1065,0.591
1066,0.588
1067,0.5897
1068,0.5918
1069,0.5928
1070,0.595
1071,0.5975
1072,0.5931
1073,0.596
1074,0.5973
1075,0.602
1076,0.603
1077,0.6055
1078,0.6051
1079,0.5972
1080,0.5983
1081,0.597
1082,0.5993
1083,0.6007
1084,0.6038
1085,0.605
1086,0.6045
1087,0.6045
1088,0.6012
1089,0.6
1090,0.6015
1091,0.6025
1092,0.6025
1093,0.6003
1094,0.6025
1095,0.604
1096,0.6043
1097,0.6002
1098,0.5987
1099,0.6
1100,0.5992
1101,0.6032
1102,0.6002
1103,0.5978
1104,0.6007
1105,0.599
1106,0.599
1107,0.6
1108,0.6025
1109,0.603
1110,0.6035
1111,0.601
1112,0.6015
1113,0.6018
1114,0.604
1115,0.6047
1116,0.6041
1117,0.6067
1118,0.6046
1119,0.604
1120,0.6021
1121,0.6022
1122,0.6027
1123,0.6037
1124,0.604
1125,0.6032
1126,0.603
1127,0.6002
1128,0.5992
1129,0.6022
1130,0.6023
1131,0.6022
1132,0.6017
1133,0.603
1134,0.6025
1135,0.6027
1136,0.603
1137,0.6029
1138,0.6047
1139,0.6045
1140,0.605
1141,0.6054
1142,0.6055
1143,0.6061
1144,0.6107
1145,0.6113
1146,0.6113
1147,0.6125
1148,0.612
1149,0.6125
1150,0.6123
1151,0.613
1152,0.614
1153,0.6152
1154,0.615
1155,0.6152
1156,0.6165
1157,0.6147
1158,0.6185
1159,0.6203
1160,0.6215
1161,0.6225
1162,0.6215
1163,0.62
1164,0.62
1165,0.6195
1166,0.6223
1167,0.624
1168,0.622
1169,0.623
1170,0.6225
1171,0.6207
1172,0.6227
1173,0.6233
1174,0.6278
1175,0.6299
1176,0.63
1177,0.63
1178,0.6325
1179,0.6343
1180,0.6328
1181,0.6346
1182,0.6352
1183,0.637
1184,0.6385
1185,0.641
1186,0.639
1187,0.64
1188,0.6384
1189,0.6382
1190,0.6405
1191,0.6425
1192,0.6425
1193,0.6428
1194,0.6425
1195,0.6402
1196,0.6396
1197,0.6381
1198,0.637
1199,0.6368
1200,0.6365
1201,0.6405
1202,0.6413
1203,0.641
1204,0.638
1205,0.6392
1206,0.6395
1207,0.6417
1208,0.6415
1209,0.6433
1210,0.6453
1211,0.6443
1212,0.642
1213,0.6401
1214,0.639
1215,0.6388
1216,0.639
1217,0.6405
1218,0.637
1219,0.6315
1220,0.6311
1221,0.6302
1222,0.6327
1223,0.6342
1224,0.6335
1225,0.6328
1226,0.6343
1227,0.6347
1228,0.6395
1229,0.6355
1230,0.635
1231,0.6323
1232,0.6321
1233,0.6358
1234,0.6335
1235,0.6333
1236,0.6345
1237,0.6383
1238,0.6432
1239,0.6452
1240,0.6442
1241,0.646
1242,0.6465
1243,0.6507
1244,0.6504
1245,0.6505
1246,0.6415
1247,0.6463
1248,0.6447
1249,0.6465
1250,0.647
1251,0.6482
1252,0.6505
1253,0.6481
1254,0.6482
1255,0.6491
1256,0.6497
1257,0.6549
1258,0.6548
1259,0.655
1260,0.657
1261,0.658
1262,0.663
1263,0.6645
1264,0.6628
1265,0.667
1266,0.6728
1267,0.672
1268,0.6751
1269,0.6718
1270,0.6695
1271,0.6716
1272,0.672
1273,0.6721
1274,0.6737
1275,0.6663
1276,0.6737
1277,0.6718
1278,0.6744
1279,0.675
1280,0.6762
1281,0.6785
1282,0.6753
1283,0.6755
1284,0.6752
1285,0.6713
1286,0.6695
1287,0.662
1288,0.6616
1289,0.6628
1290,0.6666
1291,0.661
1292,0.656
1293,0.6576
1294,0.6604
1295,0.6588
1296,0.664
1297,0.669
1298,0.6673
1299,0.6647
1300,0.6613
1301,0.6678
1302,0.668
1303,0.6703
1304,0.672
1305,0.6703
1306,0.668
1307,0.6675
1308,0.6693
1309,0.6712
1310,0.6687
1311,0.6691
1312,0.6712
1313,0.6722
1314,0.6725
1315,0.6705
1316,0.67
1317,0.672
1318,0.6713
1319,0.6682
1320,0.6685
1321,0.6685
1322,0.6705
1323,0.6714
1324,0.6757
1325,0.6774
1326,0.6727
1327,0.6735
1328,0.6728
1329,0.6756
1330,0.6763
1331,0.6745
1332,0.6753
1333,0.6755
1334,0.6763
1335,0.6746
1336,0.676
1337,0.6762
1338,0.6745
1339,0.6697
1340,0.671
1341,0.6738
1342,0.6732
1343,0.6706
1344,0.6705
1345,0.6695
1346,0.6687
1347,0.6655
1348,0.662
1349,0.6573
1350,0.6613
1351,0.6638
1352,0.6555
1353,0.6503
1354,0.646
1355,0.648
1356,0.6505
1357,0.6486
1358,0.6475
1359,0.6435
1360,0.6505
1361,0.6526
1362,0.6525
1363,0.65
1364,0.6502
1365,0.6531
1366,0.6525
1367,0.6507
1368,0.6515
1369,0.6505
1370,0.651
1371,0.6535
1372,0.6558
1373,0.6578
1374,0.6576
1375,0.656
1376,0.6578
1377,0.6605
1378,0.6634
1379,0.663
1380,0.6603
1381,0.6574
1382,0.6559
1383,0.655
1384,0.658
1385,0.6579
1386,0.656
1387,0.6583
1388,0.66
1389,0.6618
1390,0.6591
1391,0.6605
1392,0.6614
1393,0.6608
1394,0.6605
1395,0.658
1396,0.6575
1397,0.658
1398,0.6603
1399,0.661
1400,0.659
1401,0.6555
1402,0.6566
1403,0.6565
1404,0.66
1405,0.66
1406,0.655
1407,0.656
1408,0.6545
1409,0.655
1410,0.654
1411,0.653
1412,0.6515
1413,0.653
1414,0.6508
1415,0.6502
1416,0.6469
1417,0.6472
1418,0.6475
1419,0.6511
1420,0.6532
1421,0.6525
1422,0.6513
1423,0.6509
1424,0.6555
1425,0.6553
1426,0.6527
1427,0.6485
1428,0.648
1429,0.6465
1430,0.6468
1431,0.647
1432,0.646
1433,0.6463
1434,0.6451
1435,0.6465
1436,0.653
1437,0.6518
1438,0.6525
1439,0.6525
1440,0.6523
1441,0.6523
1442,0.6508
1443,0.6515
1444,0.6544
1445,0.6536
1446,0.6537
1447,0.6535
1448,0.6544
1449,0.6544
1450,0.6575
1451,0.6594
1452,0.6585
1453,0.658
1454,0.6585
1455,0.6622
1456,0.663
1457,0.6622
1458,0.6622
1459,0.6652
1460,0.6645
1461,0.662
1462,0.6654
1463,0.6668
1464,0.6668
1465,0.6672
1466,0.667
1467,0.6722
1468,0.675
1469,0.6764
1470,0.6763
1471,0.6763
1472,0.6727
1473,0.674
1474,0.6745
1475,0.6733
1476,0.673
1477,0.6747
1478,0.676
1479,0.6783
1480,0.6782
1481,0.6762
1482,0.6745
1483,0.6765
1484,0.6763
1485,0.6739
1486,0.6697
1487,0.6731
1488,0.6736
1489,0.6729
1490,0.675
1491,0.675
1492,0.6726
1493,0.6755
1494,0.6792
1495,0.6835
1496,0.6835
1497,0.689
1498,0.683
1499,0.681
1500,0.6821
1501,0.6857
1502,0.6869
1503,0.6869
1504,0.6868
1505,0.6825
1506,0.6828
1507,0.6783
1508,0.6807
1509,0.685
1510,0.6842
1511,0.6813
1512,0.6813
1513,0.6825
1514,0.6833
1515,0.682
1516,0.681
1517,0.6763
1518,0.677
1519,0.6783
1520,0.6785
1521,0.6819
1522,0.6842
1523,0.6855
1524,0.6865
1525,0.6828
1526,0.6818
1527,0.6825
1528,0.684
1529,0.6865
1530,0.6869
1531,0.6849
1532,0.689
1533,0.6855
1534,0.6866
1535,0.6886
1536,0.688
1537,0.6875
1538,0.6905
1539,0.6875
1540,0.6887
1541,0.6872
1542,0.6872
1543,0.686
1544,0.6823
1545,0.6825
1546,0.6832
1547,0.6842
1548,0.6833
1549,0.6854
1550,0.6848
1551,0.6831
1552,0.6795
1553,0.6805
1554,0.678
1555,0.6767
1556,0.6678
1557,0.6693
1558,0.6728
1559,0.6731
1560,0.6727
1561,0.6724
1562,0.6742
1563,0.6748
1564,0.6749
1565,0.6773
1566,0.6786
1567,0.6787
1568,0.677
1569,0.6798
1570,0.6823
1571,0.683
1572,0.686
1573,0.6846
1574,0.6843
1575,0.6823
1576,0.688
1577,0.6888
1578,0.6875
1579,0.688
1580,0.6885
1581,0.6875
1582,0.6854
1583,0.6884
1584,0.6885
1585,0.6889
1586,0.693
1587,0.6952
1588,0.693
1589,0.696
1590,0.697
1591,0.697
1592,0.6949
1593,0.6942
1594,0.6892
1595,0.6832
1596,0.6833
1597,0.6836
1598,0.6875
1599,0.6872
1600,0.6873
1601,0.6882
1602,0.6857
1603,0.6842
1604,0.6855
1605,0.6871
1606,0.689
1607,0.689
1608,0.6899
1609,0.692
1610,0.6913
1611,0.694
1612,0.6943
1613,0.692
1614,0.692
1615,0.6928
1616,0.69
1617,0.6918
1618,0.6922
1619,0.6939
1620,0.6941
1621,0.6953
1622,0.6944
1623,0.697
1624,0.6947
1625,0.6955
1626,0.6945
1627,0.6988
1628,0.7021
1629,0.6995
1630,0.6916
1631,0.6981
1632,0.6978
1633,0.6986
1634,0.6995
1635,0.6996
1636,0.699
1637,0.6995
1638,0.6992
1639,0.6987
1640,0.6994
1641,0.6922
1642,0.6915
1643,0.6894
1644,0.6922
1645,0.6932
1646,0.6965
1647,0.6965
1648,0.7002
1649,0.7065
1650,0.7131
1651,0.7098
1652,0.7102
1653,0.7008
1654,0.703
1655,0.7054
1656,0.7055
1657,0.7058
1658,0.707
1659,0.7083
1660,0.7085
1661,0.7105
1662,0.7113
1663,0.7062
1664,0.7091
1665,0.7068
1666,0.71
1667,0.712
1668,0.7058
1669,0.7088
1670,0.7113
1671,0.7098
1672,0.712
1673,0.7148
1674,0.7123
1675,0.7088
1676,0.7082
1677,0.7108
1678,0.7113
1679,0.7065
1680,0.712
1681,0.703
1682,0.7032
1683,0.707
1684,0.6985
1685,0.6955
1686,0.7006
1687,0.7015
1688,0.698
1689,0.7077
1690,0.7055
1691,0.7073
1692,0.7083
1693,0.7075
1694,0.7072
1695,0.706
1696,0.7065
1697,0.7055
1698,0.7065
1699,0.7072
1700,0.7075
1701,0.7081
1702,0.7097
1703,0.7067
1704,0.7065
1705,0.705
1706,0.7035
1707,0.703
1708,0.7037
1709,0.7064
1710,0.7085
1711,0.7041
1712,0.7042
1713,0.6967
1714,0.6935
1715,0.69
1716,0.6874
1717,0.6883
1718,0.69
1719,0.6885
1720,0.6882
1721,0.6898
1722,0.6909
1723,0.6885
1724,0.6835
1725,0.6842
1726,0.6876
1727,0.687
1728,0.6946
1729,0.6935
1730,0.6894
1731,0.69
1732,0.6938
1733,0.694
1734,0.697
1735,0.6965
1736,0.6942
1737,0.6908
1738,0.6924
1739,0.7007
1740,0.704
1741,0.7025
1742,0.7031
1743,0.704
1744,0.7026
1745,0.7045
1746,0.704
1747,0.6995
1748,0.6987
1749,0.6948
1750,0.6937
1751,0.6903
1752,0.6914
1753,0.6921
1754,0.6974
1755,0.6955
1756,0.6934
1757,0.6943
1758,0.6945
1759,0.6947
1760,0.6973
1761,0.6963
1762,0.6927
1763,0.6905
1764,0.6892
1765,0.6886
1766,0.6935
1767,0.6916
1768,0.6938
1769,0.692
1770,0.6873
1771,0.687
1772,0.6893
1773,0.6915
1774,0.6938
1775,0.6938
1776,0.6928
1777,0.692
1778,0.6935
1779,0.6949
1780,0.694
1781,0.693
1782,0.689
1783,0.6905
1784,0.6885
1785,0.687
1786,0.6847
1787,0.6858
1788,0.6877
1789,0.695
1790,0.6945
1791,0.6956
1792,0.6962
1793,0.693
1794,0.6917
1795,0.692
1796,0.6953
1797,0.6935
1798,0.6902
1799,0.6908
1800,0.6896
1801,0.6902
1802,0.6895
1803,0.6879
1804,0.6885
1805,0.6887
1806,0.6865
1807,0.6885
1808,0.6902
1809,0.6915
1810,0.6905
1811,0.6907
1812,0.6895
1813,0.69
1814,0.6894
1815,0.6895
1816,0.6867
1817,0.685
1818,0.6827
1819,0.684
1820,0.6848
1821,0.6872
1822,0.6789
1823,0.679
1824,0.678
1825,0.678
1826,0.6775
1827,0.6745
1828,0.6757
1829,0.673
1830,0.6724
1831,0.6697
1832,0.6655
1833,0.663
1834,0.6592
1835,0.6557
1836,0.6523
1837,0.6534
1838,0.6478
1839,0.6497
1840,0.653
1841,0.6525
1842,0.641
1843,0.6495
1844,0.6502
1845,0.6498
1846,0.6433
1847,0.643
1848,0.6448
1849,0.6393
1850,0.6385
1851,0.6373
1852,0.6418
1853,0.638
1854,0.6414
1855,0.6415
1856,0.6421
1857,0.6435
1858,0.6443
1859,0.6403
1860,0.6403
1861,0.647
1862,0.6465
1863,0.646
1864,0.6435
1865,0.6433
1866,0.6385
1867,0.6335
1868,0.6342
1869,0.6378
1870,0.6361
1871,0.636
1872,0.6358
1873,0.633
1874,0.634
1875,0.636
1876,0.6337
1877,0.6363
1878,0.6305
1879,0.6335
1880,0.6347
1881,0.636
1882,0.6385
1883,0.6413
1884,0.6412
1885,0.6375
1886,0.6398
1887,0.6425
1888,0.6427
1889,0.6415
1890,0.637
1891,0.641
1892,0.6415
1893,0.6443
1894,0.646
1895,0.6459
1896,0.6445
1897,0.645
1898,0.6412
1899,0.641
1900,0.6365
1901,0.6255
1902,0.6225
1903,0.621
1904,0.6233
1905,0.627
1906,0.6265
1907,0.6235
1908,0.6225
1909,0.6328
1910,0.6268
1911,0.625
1912,0.6245
1913,0.624
1914,0.6275
1915,0.6245
1916,0.6255
1917,0.6245
1918,0.6274
1919,0.628
1920,0.622
1921,0.6207
1922,0.6255
1923,0.6233
1924,0.619
1925,0.6182
1926,0.6164
1927,0.6092
1928,0.6067
1929,0.605
1930,0.6027
1931,0.6
1932,0.5986
1933,0.597
1934,0.6
1935,0.5955
1936,0.596
1937,0.591
1938,0.579
1939,0.587
1940,0.5843
1941,0.581
1942,0.5788
1943,0.5835
1944,0.5848
1945,0.584
1946,0.5835
1947,0.5823
1948,0.5803
1949,0.577
1950,0.569
1951,0.5655
1952,0.5692
1953,0.5668
1954,0.5725
1955,0.5705
1956,0.573
1957,0.577
1958,0.5787
1959,0.5883
1960,0.585
1961,0.5815
1962,0.5822
1963,0.581
1964,0.586
1965,0.5933
1966,0.594
1967,0.588
1968,0.5865
1969,0.5915
1970,0.5863
1971,0.5875
1972,0.5863
1973,0.5823
1974,0.5837
1975,0.591
1976,0.587
1977,0.5842
1978,0.5824
1979,0.5795
1980,0.5793
1981,0.5852
1982,0.5786
1983,0.576
1984,0.5762
1985,0.5761
1986,0.5772
1987,0.584
1988,0.5875
1989,0.587
1990,0.583
1991,0.579
1992,0.578
1993,0.5796
1994,0.5832
1995,0.5785
1996,0.5807
1997,0.5862
1998,0.5825
1999,0.5823
2000,0.566
2001,0.5633
2002,0.563
2003,0.561
2004,0.5622
2005,0.5626
2006,0.5637
2007,0.562
2008,0.5536
2009,0.5524
2010,0.549
2011,0.5493
2012,0.5512
2013,0.5502
2014,0.5485
2015,0.548
2016,0.5525
2017,0.5536
2018,0.552
2019,0.549
2020,0.5518
2021,0.5533
2022,0.558
2023,0.5545
2024,0.5597
2025,0.5593
2026,0.5615
2027,0.5595
2028,0.5539
2029,0.5513
2030,0.553
2031,0.5555
2032,0.5552
2033,0.5535
2034,0.5515
2035,0.545
2036,0.5437
2037,0.5448
2038,0.541
2039,0.5365
2040,0.5345
2041,0.533
2042,0.5352
2043,0.5324
2044,0.5312
2045,0.5323
2046,0.535
2047,0.5355
2048,0.5335
2049,0.533
2050,0.5325
2051,0.5358
2052,0.528
2053,0.5235
2054,0.5245
2055,0.5245
2056,0.513
2057,0.509
2058,0.508
2059,0.496
2060,0.4973
2061,0.5013
2062,0.496
2063,0.4963
2064,0.5173
2065,0.5175
2066,0.5298
2067,0.5176
2068,0.5085
2069,0.5166
2070,0.5139
2071,0.506
2072,0.5063
2073,0.52
2074,0.5175
2075,0.5125
2076,0.5195
2077,0.516
2078,0.5205
2079,0.5166
2080,0.5128
2081,0.514
2082,0.5173
2083,0.5255
2084,0.5225
2085,0.5267
2086,0.527
2087,0.527
2088,0.5251
2089,0.5206
2090,0.517
2091,0.5195
2092,0.511
2093,0.5138
2094,0.5135
2095,0.5173
2096,0.5115
2097,0.5095
2098,0.5135
2099,0.5165
2100,0.5135
2101,0.509
2102,0.5069
2103,0.5013
2104,0.5027
2105,0.5038
2106,0.5038
2107,0.5038
2108,0.5027
2109,0.5038
2110,0.4985
2111,0.4925
2112,0.491
2113,0.4912
2114,0.4885
2115,0.4838
2116,0.4928
2117,0.495
2118,0.5073
2119,0.5035
2120,0.5005
2121,0.5062
2122,0.5097
2123,0.5075
2124,0.5155
2125,0.5136
2126,0.514
2127,0.5075
2128,0.5093
2129,0.504
2130,0.5005
2131,0.496
2132,0.4905
2133,0.4939
2134,0.4968
2135,0.4935
2136,0.5025
2137,0.5
2138,0.503
2139,0.4987
2140,0.4968
2141,0.493
2142,0.5113
2143,0.5195
2144,0.5205
2145,0.541
2146,0.5395
2147,0.5312
2148,0.5357
2149,0.535
2150,0.5263
2151,0.526
2152,0.5255
2153,0.5253
2154,0.5225
2155,0.5202
2156,0.522
2157,0.5258
2158,0.5295
2159,0.5305
2160,0.5303
2161,0.5331
2162,0.5395
2163,0.5385
2164,0.536
2165,0.528
2166,0.5295
2167,0.5378
2168,0.5385
2169,0.5345
2170,0.539
2171,0.5412
2172,0.537
2173,0.5325
2174,0.5338
2175,0.5315
2176,0.5285
2177,0.527
2178,0.5245
2179,0.5275
2180,0.5232
2181,0.5213
2182,0.5214
2183,0.5185
2184,0.5155
2185,0.5214
2186,0.5225
2187,0.521
2188,0.5222
2189,0.522
2190,0.5248
2191,0.5215
2192,0.52
2193,0.5183
2194,0.5237
2195,0.5235
2196,0.52
2197,0.5243
2198,0.5262
2199,0.527
2200,0.533597
2201,0.537268
2202,0.538449
2203,0.540536
2204,0.540374
2205,0.546912
2206,0.547186
2207,0.54147
2208,0.540019
2209,0.540687
2210,0.537895
2211,0.536803
2212,0.540631
2213,0.542473
2214,0.537004
2215,0.534128
2216,0.536293
2217,0.535831
2218,0.53447
2219,0.538922
2220,0.543682
2221,0.545906
2222,0.550085
2223,0.553544
2224,0.551361
2225,0.559763
2226,0.554797
2227,0.551549
2228,0.551787
2229,0.549646
2230,0.547045
2231,0.538495
2232,0.538221
2233,0.539158
2234,0.54124
2235,0.542191
2236,0.536854
2237,0.531187
2238,0.527068
2239,0.525281
2240,0.524072
2241,0.528607
2242,0.530263
2243,0.528175
2244,0.531717
2245,0.532584
2246,0.534609
2247,0.535328
2248,0.534064
2249,0.527562
2250,0.532528
2251,0.529462
2252,0.52744
2253,0.531925
2254,0.531124
2255,0.533849
2256,0.536736
2257,0.539736
2258,0.537717
2259,0.535605
2260,0.534267
2261,0.530595
2262,0.534984
2263,0.535002
2264,0.532375
2265,0.530707
2266,0.532159
2267,0.529983
2268,0.535261
2269,0.542929
2270,0.541096
2271,0.54192
2272,0.539595
2273,0.545693
2274,0.549023
2275,0.548461
2276,0.547042
2277,0.547924
2278,0.548267
2279,0.54758
2280,0.548963
2281,0.551296
2282,0.55584
2283,0.559763
2284,0.561217
2285,0.559189
2286,0.557464
2287,0.563655
2288,0.560951
2289,0.561133
2290,0.562507
2291,0.560115
2292,0.560554
2293,0.557893
2294,0.55913
2295,0.561826
2296,0.552322
2297,0.548495
2298,0.545207
2299,0.543745
2300,0.533903
2301,0.53545
2302,0.535804
2303,0.53437
2304,0.529141
2305,0.536247
2306,0.525368
2307,0.532109
2308,0.531876
2309,0.530867
2310,0.533262
2311,0.535806
2312,0.540308
2313,0.539083
2314,0.535931
2315,0.534102
2316,0.534835
2317,0.531635
2318,0.530161
2319,0.530905
2320,0.533864
2321,0.536736
2322,0.535185
2323,0.533849
2324,0.530764
2325,0.529424
2326,0.533956
2327,0.529371
2328,0.529811
2329,0.526684
2330,0.524122
2331,0.527073
2332,0.524477
2333,0.522508
2334,0.523003
2335,0.524925
2336,0.523942
2337,0.520362
2338,0.521524
2339,0.527822
2340,0.527173
2341,0.532259
2342,0.526726
2343,0.523829
2344,0.52352
2345,0.528086
2346,0.531111
2347,0.533237
2348,0.536333
2349,0.532121
2350,0.529234
2351,0.529455
2352,0.527609
2353,0.528538
2354,0.529886
2355,0.530158
2356,0.527409
2357,0.525064
2358,0.533764
2359,0.53401
2360,0.533397
2361,0.530911
2362,0.527229
2363,0.515786
2364,0.511326
2365,0.513165
2366,0.513105
2367,0.516696
2368,0.51448
2369,0.518912
2370,0.517901
2371,0.526421
2372,0.528058
2373,0.532486
2374,0.534077
2375,0.53547
2376,0.52948
2377,0.524126
2378,0.523899
2379,0.52638
2380,0.521973
2381,0.525926
2382,0.524714
2383,0.521071
2384,0.518686
2385,0.516237
2386,0.512748
2387,0.518208
2388,0.517586
2389,0.516301
2390,0.522896
2391,0.523458
2392,0.522264
2393,0.518682
2394,0.515004
2395,0.517997
2396,0.511409
2397,0.511346
2398,0.511095
2399,0.508435
2400,0.510692
2401,0.513736
2402,0.514618
2403,0.516226
2404,0.514971
2405,0.514268
2406,0.508255
2407,0.510799
2408,0.507638
2409,0.508641
2410,0.510067
2411,0.51188
2412,0.515428
2413,0.512838
2414,0.510442
2415,0.509604
2416,0.511636
2417,0.5158
2418,0.520971
2419,0.51877
2420,0.51404
2421,0.513224
2422,0.509629
2423,0.511031
2424,0.510886
2425,0.510799
2426,0.513891
2427,0.511146
2428,0.514158
2429,0.510517
2430,0.510002
2431,0.507568
2432,0.505124
2433,0.505718
2434,0.507277
2435,0.508778
2436,0.507686
2437,0.493928
2438,0.491575
2439,0.495225
2440,0.492363
2441,0.508516
2442,0.506613
2443,0.504516
2444,0.513722
2445,0.512382
2446,0.515821
2447,0.515331
2448,0.520654
2449,0.522398
2450,0.522598
2451,0.519489
2452,0.517872
2453,0.514888
2454,0.516582
2455,0.516728
2456,0.517026
2457,0.518323
2458,0.524324
2459,0.520944
2460,0.516995
2461,0.517491
2462,0.515964
2463,0.513171
2464,0.51034
2465,0.506481
2466,0.507457
2467,0.506867
2468,0.506946
2469,0.486354
2470,0.495396
2471,0.490443
2472,0.490024
2473,0.497389
2474,0.494729
2475,0.493803
2476,0.494046
2477,0.49159
2478,0.493751
2479,0.491759
2480,0.487215
2481,0.487666
2482,0.490335
2483,0.493485
2484,0.49138
2485,0.490461
2486,0.49242
2487,0.486959
2488,0.485357
2489,0.487205
2490,0.483558
2491,0.484845
2492,0.483806
2493,0.4907
2494,0.487156
2495,0.486395
2496,0.483207
2497,0.4812
2498,0.490996
2499,0.494098
2500,0.492149
2501,0.491554
2502,0.487349
2503,0.484258
2504,0.484403
2505,0.482952
2506,0.4874
2507,0.487551
2508,0.486751
2509,0.489049
2510,0.497199
2511,0.502451
2512,0.4996
2513,0.4988
2514,0.494752
2515,0.4981
2516,0.497451
2517,0.50015
2518,0.501501
2519,0.498301
2520,0.496901
2521,0.4981
2522,0.4981
2523,0.498599
2524,0.497249
2525,0.495348
2526,0.494648
2527,0.4978
2528,0.496101
2529,0.493551
2530,0.494047
2531,0.495802
2532,0.486695
2533,0.486357
2534,0.4876
2535,0.483597
2536,0.486305
2537,0.491748
2538,0.488349
2539,0.490547
2540,0.485857
2541,0.480052
2542,0.478752
2543,0.4749
2544,0.4749
2545,0.47461
2546,0.472553
2547,0.463968
2548,0.456137
2549,0.456091
2550,0.457146
2551,0.460962
2552,0.451936
2553,0.452755
2554,0.454218
2555,0.461216
2556,0.461446
2557,0.458483
2558,0.457837
2559,0.4565
2560,0.470412
2561,0.468066
2562,0.472458
2563,0.469959
2564,0.467407
2565,0.469488
2566,0.472642
2567,0.475462
2568,0.467606
2569,0.475895
2570,0.476638
2571,0.476291
2572,0.474247
2573,0.4733
2574,0.469706
2575,0.468506
2576,0.471147
2577,0.467247
2578,0.466007
2579,0.469853
2580,0.467953
2581,0.465333
2582,0.463061
2583,0.458546
2584,0.458546
2585,0.463232
2586,0.461346
2587,0.460438
2588,0.461892
2589,0.460454
2590,0.460862
2591,0.458654
2592,0.457046
2593,0.456009
2594,0.463107
2595,0.461531
2596,0.459962
2597,0.461162
2598,0.4611
2599,0.458246
2600,0.453782
2601,0.455082
2602,0.452936
2603,0.454327
2604,0.454564
2605,0.454064
2606,0.454255
2607,0.452436
2608,0.45071
2609,0.4519
2610,0.447679
2611,0.44882
2612,0.450235
2613,0.450355
2614,0.451745
2615,0.45101
2616,0.44941
2617,0.428957
2618,0.4297
2619,0.435787
2620,0.434913
2621,0.4313
2622,0.425472
2623,0.430486
2624,0.422742
2625,0.429628
2626,0.428243
2627,0.426585
2628,0.413976
2629,0.420532
2630,0.421484
2631,0.4287
2632,0.421673
2633,0.418467
2634,0.420558
2635,0.414007
2636,0.412835
2637,0.408796
2638,0.403098
2639,0.411064
2640,0.41
2641,0.411582
2642,0.414724
2643,0.414541
2644,0.406822
2645,0.406263
2646,0.405741
2647,0.40108
2648,0.402839
2649,0.401151
2650,0.402711
2651,0.404038
2652,0.405931
2653,0.397599
2654,0.39958
2655,0.397449
2656,0.393579
2657,0.39601
2658,0.393153
2659,0.40221
2660,0.40183
2661,0.40269
2662,0.401611
2663,0.39906
2664,0.39941
2665,0.405012
2666,0.394011
2667,0.39485
2668,0.39944
2669,0.39934
2670,0.40075
2671,0.397981
2672,0.39827
2673,0.396491
2674,0.40071
2675,0.394361
2676,0.397201
2677,0.39685
2678,0.39888
2679,0.40235
2680,0.395831
2681,0.3947
2682,0.397591
2683,0.39944
2684,0.39949
2685,0.40036
2686,0.406419
2687,0.405709
2688,0.404169
2689,0.415517
2690,0.422665
2691,0.423638
2692,0.423423
2693,0.4297
2694,0.42608
2695,0.423965
2696,0.421666
2697,0.421208
2698,0.422739
2699,0.428357
2700,0.4286
2701,0.4293
2702,0.434326
2703,0.43923
2704,0.439606
2705,0.441262
2706,0.442229
2707,0.442611
2708,0.441568
2709,0.439624
2710,0.44315
2711,0.442067
2712,0.447111
2713,0.446577
2714,0.450525
2715,0.453273
2716,0.444667
2717,0.44535
2718,0.445677
2719,0.450755
2720,0.441579
2721,0.445455
2722,0.444156
2723,0.44625
2724,0.446861
2725,0.448166
2726,0.447455
2727,0.444567
2728,0.433033
2729,0.434807
2730,0.436275
2731,0.435456
2732,0.44045
2733,0.444917
2734,0.45031
2735,0.446055
2736,0.442761
2737,0.443856
2738,0.43765
2739,0.432884
2740,0.436619
2741,0.435369
2742,0.43245
2743,0.425537
2744,0.4286
2745,0.4297
2746,0.427557
2747,0.428072
2748,0.427157
2749,0.429314
2750,0.43435
2751,0.432634
2752,0.43085
2753,0.431984
2754,0.437125
2755,0.431314
2756,0.430114
2757,0.425287
2758,0.421408
2759,0.424008
2760,0.419358
2761,0.417158
2762,0.41885
2763,0.411209
2764,0.408218
2765,0.4195
2766,0.421158
2767,0.418266
2768,0.412268
2769,0.414434
2770,0.407746
2771,0.409636
2772,0.410277
2773,0.4093
2774,0.402799
2775,0.39711
2776,0.40019
2777,0.402369
2778,0.404129
2779,0.404988
2780,0.406569
2781,0.40075
2782,0.402869
2783,0.405859
2784,0.408437
2785,0.410627
2786,0.404679
2787,0.40226
2788,0.40431
2789,0.410195
2790,0.410195
2791,0.411386
2792,0.410909
2793,0.410495
2794,0.412044
2795,0.411036
2796,0.413335
2797,0.418908
2798,0.422616
2799,0.420616
2800,0.42155
2801,0.420566
2802,0.418433
2803,0.424565
2804,0.42425
2805,0.422123
2806,0.419208
2807,0.418391
2808,0.4226
2809,0.424938
2810,0.428072
2811,0.426507
2812,0.424065
2813,0.419274
2814,0.423581
2815,0.423873
2816,0.42345
2817,0.421008
2818,0.416858
2819,0.409436
2820,0.409018
2821,0.4103
2822,0.411518
2823,0.413367
2824,0.416084
2825,0.419374
2826,0.4171
2827,0.418491
2828,0.4223
2829,0.417441
2830,0.416717
2831,0.414426
2832,0.414526
2833,0.41405
2834,0.412459
2835,0.4133
2836,0.414
2837,0.416992
2838,0.416675
2839,0.406188
2840,0.406547
2841,0.407019
2842,0.408368
2843,0.407578
2844,0.403329
2845,0.404198
2846,0.406887
2847,0.406178
2848,0.40455
2849,0.405619
2850,0.406659
2851,0.405378
2852,0.406787
2853,0.413984
2854,0.413526
2855,0.408918
2856,0.4119
2857,0.411885
2858,0.41185
2859,0.412294
2860,0.41235
2861,0.413026
2862,0.417042
2863,0.419024
2864,0.417791
2865,0.41939
2866,0.418408
2867,0.424073
2868,0.425315
2869,0.425357
2870,0.427757
2871,0.430385
2872,0.43332
2873,0.432214
2874,0.438831
2875,0.436406
2876,0.439262
2877,0.439762
2878,0.44103
2879,0.440406
2880,0.437812
2881,0.440612
2882,0.439374
2883,0.441373
2884,0.438962
2885,0.43675
2886,0.431277
2887,0.431964
2888,0.433513
2889,0.43442
2890,0.430421
2891,0.426857
2892,0.425037
2893,0.423573
2894,0.411318
2895,0.413043
2896,0.411418
2897,0.411318
2898,0.40205
2899,0.402029
2900,0.407028
2901,0.404338
2902,0.40137
2903,0.406897
2904,0.406238
2905,0.404897
2906,0.406897
2907,0.409686
2908,0.414284
2909,0.416225
2910,0.412459
2911,0.412943
2912,0.414426
2913,0.41974
2914,0.420916
2915,0.418491
2916,0.417825
2917,0.415892
2918,0.417025
2919,0.418341
2920,0.418658
2921,0.418041
2922,0.41195
2923,0.412318
2924,0.413934
2925,0.413176
2926,0.410777
2927,0.41475
2928,0.41595
2929,0.4205
2930,0.4195
2931,0.4202
2932,0.42215
2933,0.4213
2934,0.42
2935,0.41745
2936,0.41425
2937,0.41505
2938,0.4148
2939,0.41
2940,0.41015
2941,0.41025
2942,0.413
2943,0.4154
2944,0.41425
2945,0.4121
2946,0.41615
2947,0.41495
2948,0.41225
2949,0.41505
2950,0.41725
2951,0.41505
2952,0.4151
2953,0.41715
2954,0.4206
2955,0.4186
2956,0.41765
2957,0.41785
2958,0.41685
2959,0.4149
2960,0.4118
2961,0.41445
2962,0.4147
2963,0.416
2964,0.4155
2965,0.41525
2966,0.4158
2967,0.42245
2968,0.42585
2969,0.42905
2970,0.4275
2971,0.43075
2972,0.4283
2973,0.42615
2974,0.42435
2975,0.42245
2976,0.42415
2977,0.4211
2978,0.42145
2979,0.4246
2980,0.42735
2981,0.42925
2982,0.4266
2983,0.4271
2984,0.42365
2985,0.42225
2986,0.42065
2987,0.4163
2988,0.417
2989,0.41715
2990,0.4181
2991,0.41705
2992,0.417
2993,0.4169
2994,0.41795
2995,0.42015
2996,0.418
2997,0.4182
2998,0.42185
2999,0.42255
3000,0.42225
3001,0.42165
3002,0.4196
3003,0.41845
3004,0.41885
3005,0.41725
3006,0.41755
3007,0.41955
3008,0.4214
3009,0.42275
3010,0.42545
3011,0.42495
3012,0.4289
3013,0.4284
3014,0.43075
3015,0.42795
3016,0.42835
3017,0.42905
3018,0.4362
3019,0.43655
3020,0.4333
3021,0.43995
3022,0.4392
3023,0.43985
3024,0.4375
3025,0.43565
3026,0.4357
3027,0.4407
3028,0.4407
3029,0.4409
3030,0.4422
3031,0.44015
3032,0.4414
3033,0.43855
3034,0.4346
3035,0.4351
3036,0.4371
3037,0.44295
3038,0.4406
3039,0.4391
3040,0.44095
3041,0.4456
3042,0.44605
3043,0.4472
3044,0.4466
3045,0.44565
3046,0.44935
3047,0.4507
3048,0.44975
3049,0.448
3050,0.44755
3051,0.44805
3052,0.44515
3053,0.4489
3054,0.4487
3055,0.44835
3056,0.4493
3057,0.45135
3058,0.4533
3059,0.45625
3060,0.4559
3061,0.45815
3062,0.4605
3063,0.4637
3064,0.4668
3065,0.4682
3066,0.4729
3067,0.4683
3068,0.4711
3069,0.4738
3070,0.47645
3071,0.4768
3072,0.4749
3073,0.48595
3074,0.4896
3075,0.48865
3076,0.49115
3077,0.4873
3078,0.48665
3079,0.48865
3080,0.4928
3081,0.48765
3082,0.48415
3083,0.4842
3084,0.4877
3085,0.48695
3086,0.49105
3087,0.49665
3088,0.49255
3089,0.4932
3090,0.4895
3091,0.49095
3092,0.486
3093,0.48755
3094,0.4893
3095,0.4883
3096,0.4845
3097,0.49035
3098,0.49205
3099,0.4882
3100,0.4835
3101,0.4866
3102,0.4844
3103,0.482
3104,0.4827
3105,0.48775
3106,0.4805
3107,0.4742
3108,0.4693
3109,0.4682
3110,0.4695
3111,0.4678
3112,0.4651
3113,0.46195
3114,0.4636
3115,0.4574
3116,0.453
3117,0.45485
3118,0.4541
3119,0.4579
3120,0.46325
3121,0.4571
3122,0.46285
3123,0.4658
3124,0.468
3125,0.466
3126,0.4698
3127,0.46495
3128,0.4671
3129,0.4674
3130,0.4697
3131,0.47185
3132,0.46915
3133,0.46895
3134,0.47
3135,0.47
3136,0.4676
3137,0.4661
3138,0.46655
3139,0.47025
3140,0.46885
3141,0.47085
3142,0.4757
3143,0.4719
3144,0.4722
3145,0.4704
3146,0.47115
3147,0.4728
3148,0.4704
3149,0.46765
3150,0.4683
3151,0.4741
3152,0.4696
3153,0.47085
3154,0.46995
3155,0.47425
3156,0.47325
3157,0.4779
3158,0.47845
3159,0.4835
3160,0.48125
3161,0.48055
3162,0.47855
3163,0.4805
3164,0.4786
3165,0.48025
3166,0.48105
3167,0.48185
3168,0.4835
3169,0.4827
3170,0.4843
3171,0.48585
3172,0.48665
3173,0.48915
3174,0.48605
3175,0.48255
3176,0.4964
3177,0.49615
3178,0.4983
3179,0.49895
3180,0.49815
3181,0.4936
3182,0.4931
3183,0.4969
3184,0.49985
3185,0.49965
3186,0.49765
3187,0.4963
3188,0.49735
3189,0.50215
3190,0.51415
3191,0.4995
3192,0.4956
3193,0.49455
3194,0.4951
3195,0.4982
3196,0.49765
3197,0.498
3198,0.50105
3199,0.5012
3200,0.50385
3201,0.5029
3202,0.5085
3203,0.51265
3204,0.51455
3205,0.51765
3206,0.51655
3207,0.51655
3208,0.5217
3209,0.52335
3210,0.5228
3211,0.5284
3212,0.5314
3213,0.53025
3214,0.5329
3215,0.5325
3216,0.5394
3217,0.54165
3218,0.5388
3219,0.53905
3220,0.54455
3221,0.5502
3222,0.5476
3223,0.54225
3224,0.54915
3225,0.5476
3226,0.54925
3227,0.5454
3228,0.54275
3229,0.542
3230,0.54945
3231,0.5479
3232,0.54935
3233,0.5498
3234,0.54925
3235,0.5522
3236,0.5488
3237,0.5541
3238,0.5512
3239,0.54935
3240,0.5499
3241,0.5532
3242,0.5586
3243,0.5586
3244,0.56555
3245,0.5645
3246,0.5657
3247,0.5593
3248,0.5619
3249,0.5605
3250,0.5645
3251,0.5626
3252,0.5594
3253,0.55365
3254,0.54685
3255,0.54835
3256,0.5485
3257,0.5533
3258,0.5526
3259,0.55035
3260,0.5537
3261,0.5547
3262,0.55565
3263,0.55225
3264,0.5483
3265,0.5397
3266,0.5481
3267,0.5474
3268,0.5457
3269,0.54715
3270,0.55245
3271,0.55465
3272,0.5602
3273,0.55545
3274,0.5596
3275,0.5615
3276,0.5673
3277,0.57455
3278,0.5673
3279,0.5744
3280,0.57595
3281,0.5795
3282,0.5764
3283,0.5746
3284,0.57105
3285,0.5776
3286,0.58505
3287,0.5868
3288,0.5809
3289,0.58295
3290,0.5845
3291,0.58275
3292,0.5862
3293,0.5749
3294,0.57735
3295,0.5766
3296,0.5754
3297,0.5801
3298,0.5808
3299,0.5829
3300,0.5784
3301,0.5729
3302,0.5744
3303,0.5776
3304,0.5793
3305,0.5803
3306,0.58315
3307,0.58505
3308,0.5851
3309,0.58645
3310,0.585
3311,0.5867
3312,0.5861
3313,0.5787
3314,0.5822
3315,0.58725
3316,0.59495
3317,0.59535
3318,0.59585
3319,0.59485
3320,0.59085
3321,0.5884
3322,0.58925
3323,0.5796
3324,0.5832
3325,0.5805
3326,0.5727
3327,0.5746
3328,0.57445
3329,0.58185
3330,0.5865
3331,0.5883
3332,0.5872
3333,0.5882
3334,0.5828
3335,0.583
3336,0.5864
3337,0.5835
3338,0.5833
3339,0.5789
3340,0.58035
3341,0.5823
3342,0.5872
3343,0.5891
3344,0.5869
3345,0.5898
3346,0.5856
3347,0.58435
3348,0.5895
3349,0.58535
3350,0.5864
3351,0.566
3352,0.572
3353,0.5782
3354,0.5782
3355,0.5742
3356,0.5654
3357,0.5688
3358,0.5741
3359,0.5766
3360,0.58225
3361,0.5858
3362,0.58395
3363,0.59805
3364,0.5962
3365,0.5887
3366,0.5914
3367,0.59695
3368,0.59815
3369,0.59725
3370,0.6009
3371,0.60005
3372,0.59705
3373,0.59615
3374,0.594
3375,0.59635
3376,0.59575
3377,0.5973
3378,0.6037
3379,0.6087
3380,0.6102
3381,0.61205
3382,0.61025
3383,0.61305
3384,0.61295
3385,0.6128
3386,0.6093
3387,0.6128
3388,0.61545
3389,0.61265
3390,0.61775
3391,0.6218
3392,0.6263
3393,0.62655
3394,0.6299
3395,0.63
3396,0.6298
3397,0.63435
3398,0.63905
3399,0.6397
3400,0.6407
3401,0.6374
3402,0.6396
3403,0.641
3404,0.6401
3405,0.64415
3406,0.64615
3407,0.6445
3408,0.64555
3409,0.64745
3410,0.64705
3411,0.64815
3412,0.64405
3413,0.6492
3414,0.6479
3415,0.65155
3416,0.648
3417,0.64635
3418,0.6438
3419,0.64195
3420,0.63995
3421,0.65005
3422,0.6551
3423,0.6622
3424,0.67105
3425,0.67425
3426,0.67085
3427,0.68295
3428,0.6841
3429,0.6821
3430,0.6761
3431,0.67075
3432,0.6591
3433,0.6656
3434,0.67265
3435,0.67735
3436,0.67505
3437,0.6782
3438,0.67555
3439,0.66955
3440,0.6727
3441,0.6838
3442,0.68665
3443,0.68945
3444,0.69955
3445,0.7006
3446,0.69945
3447,0.70145
3448,0.70625
3449,0.70955
3450,0.7
3451,0.70035
3452,0.68105
3453,0.692
3454,0.68775
3455,0.68735
3456,0.68635
3457,0.69065
3458,0.681
3459,0.6707
3460,0.6676
3461,0.67555
3462,0.6779
3463,0.6765
3464,0.64835
3465,0.64265
3466,0.6461
3467,0.65055
3468,0.64965
3469,0.6601
3470,0.65505
3471,0.6631
3472,0.65395
3473,0.645
3474,0.6553
3475,0.65705
3476,0.65705
3477,0.6691
3478,0.6558
3479,0.65015
3480,0.657
3481,0.66395
3482,0.64965
3483,0.63565
3484,0.63785
3485,0.64095
3486,0.6438
3487,0.6291
3488,0.6215
3489,0.6283
3490,0.63135
3491,0.62565
3492,0.6247
3493,0.6332
3494,0.63675
3495,0.6299
3496,0.62675
3497,0.6055
3498,0.60655
3499,0.6132
3500,0.59835
3501,0.60455
3502,0.599
3503,0.59955
3504,0.60725
3505,0.60955
3506,0.6079
3507,0.6171
3508,0.62145
3509,0.63065
3510,0.6339
3511,0.62665
3512,0.61695
3513,0.62495
3514,0.6322
3515,0.628
3516,0.6198
3517,0.63415
3518,0.6245
3519,0.6378
3520,0.62935
3521,0.6223
3522,0.62765
3523,0.62935
3524,0.62775
3525,0.62445
3526,0.63515
3527,0.63605
3528,0.64135
3529,0.6306
3530,0.63595
3531,0.6407
3532,0.6473
3533,0.6474
3534,0.64955
3535,0.6558
3536,0.65605
3537,0.65715
3538,0.66075
3539,0.65845
3540,0.6528
3541,0.65085
3542,0.6592
3543,0.656
3544,0.65245
3545,0.64015
3546,0.6408
3547,0.63535
3548,0.6359
3549,0.628
3550,0.62915
3551,0.63345
3552,0.6367
3553,0.63905
3554,0.63905
3555,0.6431
3556,0.64535
3557,0.6433
3558,0.65315
3559,0.65275
3560,0.65145
3561,0.6548
3562,0.65725
3563,0.66515
3564,0.66485
3565,0.66375
3566,0.6634
3567,0.6718
3568,0.673
3569,0.6626
3570,0.64725
3571,0.6503
3572,0.6515
3573,0.64965
3574,0.64965
3575,0.65555
3576,0.65335
3577,0.64675
3578,0.64685
3579,0.64825
3580,0.64605
3581,0.646049
3582,0.65305
3583,0.6562
3584,0.65965
3585,0.66145
3586,0.65725
3587,0.66015
3588,0.65995
3589,0.733665
3590,0.66395
3591,0.66205
3592,0.66645
3593,0.66605
3594,0.66635
3595,0.67015
3596,0.66975
3597,0.670151
3598,0.669748
3599,0.671001
3600,0.6735
3601,0.673491
3602,0.67735
3603,0.6822
3604,0.6779
3605,0.6764
3606,0.68065
3607,0.68635
3608,0.68505
3609,0.68505
3610,0.6913
3611,0.6925
3612,0.69705
3613,0.7005
3614,0.6969
3615,0.68635
3616,0.6828
3617,0.6838
3618,0.68645
3619,0.6839
3620,0.6859
3621,0.6908
3622,0.69065
3623,0.69385
3624,0.69135
3625,0.6882
3626,0.68455
3627,0.6875
3628,0.69395
3629,0.69745
3630,0.70095
3631,0.70835
3632,0.70275
3633,0.71055
3634,0.7094
3635,0.70965
3636,0.709673
3637,0.71765
3638,0.71675
3639,0.7136
3640,0.71855
3641,0.71745
3642,0.71595
3643,0.721
3644,0.72345
3645,0.7184
3646,0.7152
3647,0.70985
3648,0.70185
3649,0.7096
3650,0.70915
3651,0.7163
3652,0.70975
3653,0.71535
3654,0.715359
3655,0.71045
3656,0.71195
3657,0.7134
3658,0.71955
3659,0.71355
3660,0.713552
3661,0.7142
3662,0.7021
3663,0.70075
3664,0.698
3665,0.7041
3666,0.6943
3667,0.6943
3668,0.6955
3669,0.69905
3670,0.70385
3671,0.70575
3672,0.699
3673,0.69935
3674,0.6993
3675,0.6992
3676,0.6953
3677,0.70365
3678,0.70235
3679,0.71465
3680,0.71465
3681,0.7143
3682,0.71325
3683,0.71735
3684,0.71365
3685,0.7125
3686,0.7125
3687,0.71025
3688,0.70945
3689,0.71255
3690,0.71115
3691,0.7104
3692,0.7123
3693,0.7047
3694,0.69915
3695,0.6993
3696,0.7054
3697,0.71295
3698,0.7128
3699,0.7128
3700,0.71735
3701,0.71605
3702,0.71325
3703,0.7161
3704,0.72355
3705,0.7251
3706,0.728
3707,0.72725
3708,0.72355
3709,0.7194
3710,0.7223
3711,0.7223
3712,0.72965
3713,0.7239
3714,0.7249
3715,0.72685
3716,0.73105
3717,0.7328
3718,0.7328
3719,0.73455
3720,0.73875
3721,0.73335
3722,0.73805
3723,0.7378
3724,0.741
3725,0.73975
3726,0.73855
3727,0.74165
3728,0.7444
3729,0.74235
3730,0.7404
3731,0.7449
3732,0.7449
3733,0.7384
3734,0.73895
3735,0.72175
3736,0.7154
3737,0.71325
3738,0.7141
3739,0.7141
3740,0.7087
3741,0.71125
3742,0.70975
3743,0.7134
3744,0.71
3745,0.7082
3746,0.711
3747,0.705
3748,0.70845
3749,0.71125
3750,0.71545
3751,0.7144
3752,0.7165
3753,0.7165
3754,0.7199
3755,0.71825
3756,0.7263
3757,0.7217
3758,0.7176
3759,0.7161
3760,0.7161
3761,0.7147
3762,0.72055
3763,0.7272
3764,0.7288
3765,0.7328
3766,0.73115
3767,0.73115
3768,0.7285
3769,0.7228
3770,0.72275
3771,0.7285
3772,0.73245
3773,0.7325
3774,0.7325
3775,0.7285
3776,0.72635
3777,0.73245
3778,0.7351
3779,0.73285
3780,0.7328
3781,0.7322
3782,0.7301
3783,0.73075
3784,0.73115
3785,0.7196
3786,0.71305
3787,0.7123
3788,0.71285
3789,0.70775
3790,0.70895
3791,0.71045
3792,0.71165
3793,0.70735
3794,0.7081
3795,0.7094
3796,0.70935
3797,0.71315
3798,0.71415
3799,0.7117
3800,0.7137
3801,0.71505
3802,0.71505
3803,0.7123
3804,0.7059
3805,0.7013
3806,0.70135
3807,0.70245
3808,0.6997
3809,0.6997
3810,0.70875
3811,0.71385
3812,0.7161
3813,0.71215
3814,0.70705
3815,0.7095
3816,0.7043
3817,0.70935
3818,0.71075
3819,0.71555
3820,0.7163
3821,0.7173
3822,0.7153
3823,0.71435
3824,0.71545
3825,0.71635
3826,0.7074
3827,0.70435
3828,0.70595
3829,0.7079
3830,0.70145
3831,0.6992
3832,0.69195
3833,0.6843
3834,0.6835
3835,0.68315
3836,0.68
3837,0.67535
3838,0.67635
3839,0.6733
3840,0.6735
3841,0.6735
3842,0.6851
3843,0.679306
3844,0.67685
3845,0.67435
3846,0.67315
3847,0.67725
3848,0.6739
3849,0.67405
3850,0.6844
3851,0.68725
3852,0.6864
3853,0.6864
3854,0.68305
3855,0.6829
3856,0.67935
3857,0.68085
3858,0.6831
3859,0.6803
3860,0.68395
3861,0.6879
3862,0.69145
3863,0.69165
3864,0.68975
3865,0.69295
3866,0.6914
3867,0.69505
3868,0.7047
3869,0.70675
3870,0.70825
3871,0.7076
3872,0.7057
3873,0.70365
3874,0.70085
3875,0.69645
3876,0.6966
3877,0.69635
3878,0.69605
3879,0.69895
3880,0.69715
3881,0.6951
3882,0.6951
3883,0.69465
3884,0.68785
3885,0.69205
3886,0.70425
3887,0.7062
3888,0.71025
3889,0.70755
3890,0.70575
3891,0.70435
3892,0.7078
3893,0.7077
3894,0.70785
3895,0.70465
3896,0.70275
3897,0.70925
3898,0.7055
3899,0.70375
3900,0.7046
3901,0.7006
3902,0.70175
3903,0.7014
3904,0.69965
3905,0.69405
3906,0.68705
3907,0.68655
3908,0.68425
3909,0.6787
3910,0.6841
3911,0.69075
3912,0.69125
3913,0.6911
3914,0.691099
3915,0.69465
3916,0.69295
3917,0.6968
3918,0.696
3919,0.69565
3920,0.6956
3921,0.6973
3922,0.6919
3923,0.69605
3924,0.68985
3925,0.69495
3926,0.69665
3927,0.69665
3928,0.6974
3929,0.6951
3930,0.69795
3931,0.7007
3932,0.7001
3933,0.7002
3934,0.69965
3935,0.7018
3936,0.70455
3937,0.70295
3938,0.70665
3939,0.70465
3940,0.7037
3941,0.70345
3942,0.70065
3943,0.698
3944,0.69175
3945,0.69145
3946,0.68515
3947,0.68345
3948,0.68315
3949,0.6787
3950,0.68145
3951,0.6832
3952,0.68785
3953,0.687
3954,0.68695
3955,0.68605
3956,0.68065
3957,0.68435
3958,0.68505
3959,0.68725
3960,0.6873
3961,0.68835
3962,0.68965
3963,0.69125
3964,0.69465
3965,0.6945
3966,0.69715
3967,0.69705
3968,0.69665
3969,0.70395
3970,0.7005
3971,0.70435
3972,0.70525
3973,0.71275
3974,0.71275
3975,0.71375
3976,0.7179
3977,0.71475
3978,0.7034
3979,0.7006
3980,0.7025
3981,0.7042
3982,0.70345
3983,0.71095
3984,0.7056
3985,0.70775
3986,0.69055
3987,0.69075
3988,0.69075
3989,0.69075
3990,0.68825
3991,0.68305
3992,0.674799
3993,0.6721
3994,0.67365
3995,0.67245
3996,0.68135
3997,0.6835
3998,0.6825
3999,0.6827
4000,0.6827
4001,0.68625
4002,0.68735
4003,0.68655
4004,0.6907
4005,0.69315
4006,0.69425
4007,0.6971
4008,0.69355
4009,0.69885
4010,0.6974
4011,0.7
4012,0.69525
4013,0.6883
4014,0.68685
4015,0.68175
4016,0.67905
4017,0.6783
4018,0.68165
4019,0.68375
4020,0.68295
4021,0.68635
4022,0.68405
4023,0.6818
4024,0.682
4025,0.68775
4026,0.68535
4027,0.68985
4028,0.68785
4029,0.6863
4030,0.68375
4031,0.6814
4032,0.681059
4033,0.67615
4034,0.676827
4035,0.67805
4036,0.6791
4037,0.67815
4038,0.6747
4039,0.67705
4040,0.67425
4041,0.67095
4042,0.6684
4043,0.6673
4044,0.66835
4045,0.6698
4046,0.66085
4047,0.658217
4048,0.6634
4049,0.65785
4050,0.66025
4051,0.66355
4052,0.66485
4053,0.6664
4054,0.66525
4055,0.66525
4056,0.66625
4057,0.65685
4058,0.65045
4059,0.648504
4060,0.651109
4061,0.6462
4062,0.6462
4063,0.64285
4064,0.63765
4065,0.64245
4066,0.64485
4067,0.6407
4068,0.6342
4069,0.6342
4070,0.63165
4071,0.6237
4072,0.62425
4073,0.6268
4074,0.6148
4075,0.60845
4076,0.61005
4077,0.6074
4078,0.6043
4079,0.60765
4080,0.605229
4081,0.61595
4082,0.61565
4083,0.61655
4084,0.60655
4085,0.61095
4086,0.61385
4087,0.61115
4088,0.60835
4089,0.60815
4090,0.60915
4091,0.6087
4092,0.611145
4093,0.62545
4094,0.62525
4095,0.6316
4096,0.63315
4097,0.62715
4098,0.6332
4099,0.6337
4100,0.63435
4101,0.62965
4102,0.62615
4103,0.63125
4104,0.63385
4105,0.6384
4106,0.6383
4107,0.637
4108,0.63545
4109,0.6404
4110,0.63995
4111,0.64
4112,0.64245
4113,0.64145
4114,0.6424
4115,0.6325
4116,0.63105
4117,0.6219
4118,0.63185
4119,0.62495
4120,0.621
4121,0.6259
4122,0.62265
4123,0.6226
4124,0.6183
4125,0.62245
4126,0.62445
4127,0.6341
4128,0.6397
4129,0.6329
4130,0.6329
4131,0.63455
4132,0.63535
4133,0.6391
4134,0.63325
4135,0.632053
4136,0.6303
4137,0.6303
4138,0.6324
4139,0.63225
4140,0.62845
4141,0.62975
4142,0.62605
4143,0.6323
4144,0.62665
4145,0.61975
4146,0.62295
4147,0.62415
4148,0.6171
4149,0.6171
4150,0.61745
4151,0.61645
4152,0.621425
4153,0.614575
4154,0.61135
4155,0.60815
4156,0.606
4157,0.6078
4158,0.6059
4159,0.60205
4160,0.59565
4161,0.60565
4162,0.6095
4163,0.609
4164,0.60825
4165,0.60905
4166,0.60425
4167,0.60425
4168,0.61055
4169,0.6113
4170,0.61725
4171,0.61795
4172,0.618375
4173,0.62215
4174,0.6217
4175,0.62335
4176,0.624625
4177,0.6223
4178,0.6225
4179,0.623325
4180,0.62465
4181,0.62195
4182,0.61855
4183,0.6183
4184,0.6171
4185,0.61815
4186,0.6185
4187,0.61975
4188,0.622
4189,0.618325
4190,0.6244
4191,0.62525
4192,0.627
4193,0.62455
4194,0.62495
4195,0.63365
4196,0.634325
4197,0.63375
4198,0.635
4199,0.63635
4200,0.6309
4201,0.63595
4202,0.64095
4203,0.63975
4204,0.63925
4205,0.63925
4206,0.6384
4207,0.6402
4208,0.6384
4209,0.6354
4210,0.6335
4211,0.63665
4212,0.63685
4213,0.63635
4214,0.63905
4215,0.64455
4216,0.65135
4217,0.65665
4218,0.6556
4219,0.6556
4220,0.65745
4221,0.64765
4222,0.64755
4223,0.6492
4224,0.64445
4225,0.63755
4226,0.63755
4227,0.63665
4228,0.63845
4229,0.641025
4230,0.6536
4231,0.65805
4232,0.66235
4233,0.6628
4234,0.663125
4235,0.66265
4236,0.659
4237,0.6597
4238,0.66105
4239,0.66105
4240,0.66185
4241,0.66995
4242,0.65975
4243,0.6584
4244,0.65155
4245,0.6527
4246,0.6527
4247,0.65145
4248,0.65765
4249,0.6585
4250,0.66425
4251,0.662125
4252,0.65885
4253,0.6596
4254,0.65565
4255,0.6586
4256,0.6606
4257,0.65905
4258,0.658875
4259,0.6572
4260,0.66065
4261,0.66335
4262,0.6637
4263,0.6675
4264,0.6674
4265,0.6674
4266,0.66835
4267,0.6636
4268,0.66095
4269,0.65745
4270,0.65755
4271,0.66025
4272,0.6618
4273,0.6622
4274,0.66545
4275,0.67075
4276,0.67185
4277,0.67355
4278,0.67
4279,0.66975
4280,0.6696
4281,0.6678
4282,0.670482
4283,0.666325
4284,0.6657
4285,0.666
4286,0.666
4287,0.66635
4288,0.6605
4289,0.6624
4290,0.6593
4291,0.6647
4292,0.66605
4293,0.66505
4294,0.6655
4295,0.66925
4296,0.669625
4297,0.67095
4298,0.6695
4299,0.67395
4300,0.67255
4301,0.66935
4302,0.67945
4303,0.6783
4304,0.68355
4305,0.68795
4306,0.6844
4307,0.68685
4308,0.6901
4309,0.6884
4310,0.68675
4311,0.68765
4312,0.68595
4313,0.6898
4314,0.6858
4315,0.6891
4316,0.69085
4317,0.6937
4318,0.68905
4319,0.6908
4320,0.6908
4321,0.68935
4322,0.6914
4323,0.6971
4324,0.69345
4325,0.6972
4326,0.70055
4327,0.70185
4328,0.70515
4329,0.7045
4330,0.7045
4331,0.7045
4332,0.7056
4333,0.708
4334,0.7052
4335,0.69265
4336,0.6872
4337,0.6872
4338,0.6852
4339,0.6925
4340,0.69065
4341,0.6884
4342,0.6892
4343,0.6914
4344,0.6914
4345,0.69065
4346,0.69515
4347,0.69115
4348,0.69255
4349,0.69445
4350,0.6953
4351,0.6953
4352,0.6955
4353,0.6994
4354,0.70025
4355,0.6988
4356,0.69755
4357,0.6969
4358,0.6951
4359,0.69585
4360,0.69605
4361,0.6875
4362,0.68875
4363,0.68255
4364,0.68095
4365,0.68125
4366,0.68415
4367,0.68425
4368,0.6796
4369,0.68865
4370,0.68565
4371,0.6837
4372,0.68485
4373,0.686704
4374,0.69435
4375,0.69685
4376,0.6973
4377,0.70075
4378,0.70135
4379,0.70505
4380,0.70575
4381,0.70675
4382,0.7106
4383,0.70475
4384,0.70085
4385,0.69405
4386,0.6886
4387,0.6768
4388,0.67995
4389,0.68445
4390,0.68495
4391,0.6914
4392,0.6929
4393,0.69775
4394,0.69015
4395,0.6949
4396,0.69725
4397,0.70175
4398,0.70435
4399,0.7043
4400,0.7145
4401,0.7126
4402,0.71635
4403,0.71215
4404,0.71555
4405,0.71445
4406,0.7217
4407,0.7198
4408,0.72025
4409,0.72075
4410,0.7282
4411,0.72815
4412,0.7288
4413,0.73805
4414,0.7396
4415,0.7443
4416,0.74565
4417,0.74355
4418,0.7444
4419,0.73875
4420,0.74275
4421,0.74195
4422,0.74135
4423,0.73855
4424,0.731238
4425,0.7362
4426,0.7377
4427,0.73755
4428,0.73525
4429,0.7285
4430,0.73725
4431,0.73975
4432,0.73325
4433,0.7307
4434,0.72965
4435,0.72685
4436,0.73035
4437,0.7255
4438,0.7266
4439,0.72655
4440,0.7284
4441,0.73015
4442,0.7435
4443,0.7477
4444,0.74935
4445,0.75135
4446,0.7506
4447,0.75085
4448,0.75145
4449,0.75025
4450,0.75365
4451,0.7581
4452,0.76275
4453,0.76235
4454,0.76445
4455,0.76645
4456,0.78185
4457,0.78165
4458,0.7818
4459,0.7826
4460,0.78275
4461,0.7799
4462,0.77955
4463,0.77945
4464,0.78215
4465,0.78855
4466,0.79205
4467,0.79135
4468,0.79415
4469,0.79255
4470,0.7964
4471,0.80425
4472,0.80855
4473,0.8022
4474,0.79035
4475,0.7654
4476,0.76325
4477,0.77075
4478,0.76175
4479,0.7642
4480,0.75945
4481,0.76735
4482,0.7561
4483,0.73765
4484,0.72855
4485,0.71575
4486,0.6727
4487,0.6974
4488,0.6924
4489,0.696
4490,0.7004
4491,0.70935
4492,0.72299
4493,0.71815
4494,0.70485
4495,0.70615
4496,0.70455
4497,0.7023
4498,0.70225
4499,0.69615
4500,0.6905
4501,0.6919
4502,0.6888
4503,0.69375
4504,0.7033
4505,0.71455
4506,0.7176
4507,0.71335
4508,0.7063
4509,0.72515
4510,0.73315
4511,0.7393
4512,0.7415
4513,0.74525
4514,0.74015
4515,0.7449
4516,0.74825
4517,0.7566
4518,0.7649
4519,0.7593
4520,0.75745
4521,0.75535
4522,0.7627
4523,0.76275
4524,0.76225
4525,0.76325
4526,0.77425
4527,0.7753
4528,0.76275
4529,0.74475
4530,0.75015
4531,0.7529
4532,0.74715
4533,0.74315
4534,0.75505
4535,0.7504
4536,0.76195
4537,0.7648
4538,0.76845
4539,0.76595
4540,0.769
4541,0.7625
4542,0.7643
4543,0.76775
4544,0.77415
4545,0.7854
4546,0.77635
4547,0.76
4548,0.74775
4549,0.75575
4550,0.7651
4551,0.75825
4552,0.7556
4553,0.75525
4554,0.76255
4555,0.7506
4556,0.75235
4557,0.7583
4558,0.75525
4559,0.75905
4560,0.76975
4561,0.76895
4562,0.76235
4563,0.76815
4564,0.76255
4565,0.76505
4566,0.77315
4567,0.7769
4568,0.77955
4569,0.78345
4570,0.78855
4571,0.78195
4572,0.7674
4573,0.75415
4574,0.7547
4575,0.75715
4576,0.75655
4577,0.7665
4578,0.76605
4579,0.76845
4580,0.7688
4581,0.7727
4582,0.76965
4583,0.7656
4584,0.7715
4585,0.77615
4586,0.7707
4587,0.76415
4588,0.77275
4589,0.77225
4590,0.78125
4591,0.7843
4592,0.78985
4593,0.78375
4594,0.76955
4595,0.7729
4596,0.7575
4597,0.74675
4598,0.7637
4599,0.7591
4600,0.77325
4601,0.7703
4602,0.7767
4603,0.77845
4604,0.7813
4605,0.78435
4606,0.7948
4607,0.79555
4608,0.78385
4609,0.78545
4610,0.79065
4611,0.78845
4612,0.7896
4613,0.79465
4614,0.7838
4615,0.79165
4616,0.7886
4617,0.79485
4618,0.80015
4619,0.79355
4620,0.79935
4621,0.806
4622,0.81085
4623,0.8125
4624,0.81635
4625,0.81555
4626,0.79955
4627,0.8028
4628,0.80095
4629,0.80085
4630,0.80005
4631,0.79285
4632,0.7884
4633,0.80035
4634,0.80645
4635,0.8134
4636,0.8148
4637,0.80025
4638,0.80985
4639,0.80405
4640,0.78815
4641,0.7892
4642,0.79635
4643,0.80475
4644,0.8037
4645,0.80395
4646,0.80395
4647,0.78545
4648,0.78115
4649,0.78975
4650,0.7859
4651,0.7882
4652,0.7983
4653,0.7979
4654,0.79805
4655,0.79795
4656,0.7937
4657,0.78795
4658,0.7843
4659,0.7899
4660,0.78925
4661,0.79242
4662,0.7925
4663,0.7971
4664,0.79876
4665,0.788135
4666,0.7822
4667,0.78345
4668,0.775535
4669,0.78265
4670,0.7773
4671,0.78145
4672,0.78533
4673,0.79055
4674,0.78385
4675,0.77245
4676,0.7667
4677,0.77015
4678,0.76685
4679,0.76195
4680,0.7573
4681,0.77345
4682,0.773055
4683,0.7753
4684,0.7798
4685,0.78485
4686,0.7874
4687,0.7876
4688,0.79005
4689,0.7849
4690,0.77823
4691,0.7837
4692,0.78315
4693,0.785645
4694,0.78265
4695,0.76975
4696,0.76735
4697,0.75945
4698,0.75235
4699,0.755
4700,0.7494
4701,0.749604
4702,0.75337
4703,0.75395
4704,0.75635
4705,0.76135
4706,0.76055
4707,0.75765
4708,0.75905
4709,0.75615
4710,0.75475
4711,0.760761
4712,0.76045
4713,0.7577
4714,0.76073
4715,0.75585
4716,0.7593
4717,0.750981
4718,0.75123
4719,0.756523
4720,0.757765
4721,0.761
4722,0.76427
4723,0.7716
4724,0.77095
4725,0.76455
4726,0.7627
4727,0.759745
4728,0.7585
4729,0.7452
4730,0.7404
4731,0.7419
4732,0.735985
4733,0.73745
4734,0.73355
4735,0.73395
4736,0.7267
4737,0.7306
4738,0.72505
4739,0.71955
4740,0.71415
4741,0.70035
4742,0.69785
4743,0.6867
4744,0.6997
4745,0.6981
4746,0.7053
4747,0.71335
4748,0.71475
4749,0.71355
4750,0.71915
4751,0.708399
4752,0.70675
4753,0.69535
4754,0.69835
4755,0.70175
4756,0.694788
4757,0.6959
4758,0.6872
4759,0.6847
4760,0.6795
4761,0.67655
4762,0.66995
4763,0.67485
4764,0.6682
4765,0.6494
4766,0.66795
4767,0.66
4768,0.6593
4769,0.655965
4770,0.673435
4771,0.68875
4772,0.6903
4773,0.68095
4774,0.68405
4775,0.68335
4776,0.68605
4777,0.67785
4778,0.6705
4779,0.67675
4780,0.664
4781,0.6622
4782,0.62625
4783,0.634865
4784,0.601365
4785,0.6169
4786,0.60784
4787,0.60415
4788,0.623955
4789,0.61825
4790,0.6106
4791,0.61635
4792,0.6191
4793,0.61255
4794,0.55535
4795,0.54465
4796,0.5523
4797,0.58465
4798,0.58805
4799,0.596442
4800,0.611649
4801,0.60485
4802,0.59315
4803,0.5942
4804,0.59805
4805,0.5877
4806,0.57265
4807,0.5623
4808,0.55665
4809,0.55245
4810,0.55915
4811,0.5522
4812,0.55014
4813,0.5305
4814,0.53815
4815,0.5443
4816,0.5468
4817,0.54975
4818,0.55305
4819,0.5449
4820,0.5353
4821,0.53035
4822,0.53425
4823,0.5331
4824,0.5249
4825,0.541735
4826,0.54364
4827,0.5477
4828,0.55245
4829,0.54725
4830,0.5544
4831,0.56375
4832,0.5887
4833,0.59334
4834,0.57515
4835,0.57465
4836,0.5683
4837,0.5744
4838,0.57405
4839,0.57995
4840,0.5822
4841,0.5769
4842,0.5797
4843,0.58015
4844,0.58875
4845,0.58835
4846,0.59745
4847,0.5954
4848,0.59315
4849,0.58855
4850,0.57975
4851,0.5503
4852,0.54275
4853,0.53125
4854,0.5416
4855,0.544565
4856,0.52113
4857,0.5203
4858,0.5254
4859,0.530383
4860,0.52865
4861,0.5283
4862,0.534235
4863,0.51425
4864,0.5078
4865,0.50205
4866,0.513355
4867,0.51145
4868,0.51845
4869,0.53115
4870,0.53875
4871,0.525209
4872,0.520059
4873,0.5222
4874,0.516516
4875,0.5196
4876,0.50945
4877,0.50815
4878,0.51247
4879,0.5069
4880,0.50925
4881,0.514165
4882,0.51165
4883,0.5095
4884,0.5025
4885,0.49225
4886,0.49765
4887,0.5065
4888,0.49755
4889,0.5023
4890,0.4932
4891,0.50115
4892,0.50615
4893,0.51904
4894,0.523574
4895,0.5295
4896,0.5298
4897,0.54435
4898,0.5553
4899,0.5639
4900,0.5733
4901,0.56015
4902,0.5707
4903,0.579
4904,0.562845
4905,0.5617
4906,0.5687
4907,0.5612
4908,0.58063
4909,0.5927
4910,0.5874
4911,0.575965
4912,0.580112
4913,0.58085
4914,0.585391
4915,0.575507
4916,0.58105
4917,0.5701
4918,0.5504
4919,0.5651
4920,0.5554
4921,0.56695
4922,0.5661
4923,0.55885
4924,0.5717
4925,0.564735
4926,0.57
4927,0.57415
4928,0.5807
4929,0.5909
4930,0.5978
4931,0.6066
4932,0.6057
4933,0.606306
4934,0.5937
4935,0.585209
4936,0.60205
4937,0.605657
4938,0.620973
4939,0.6213
4940,0.6196
4941,0.62303
4942,0.6216
4943,0.620935
4944,0.643275
4945,0.64735
4946,0.6556
4947,0.63175
4948,0.6309
4949,0.6323
4950,0.62283
4951,0.629049
4952,0.6296
4953,0.64435
4954,0.6427
4955,0.62855
4956,0.6329
4957,0.643173
4958,0.647395
4959,0.6384
4960,0.6277
4961,0.6384
4962,0.63875
4963,0.6421
4964,0.644
4965,0.64525
4966,0.650555
4967,0.638633
4968,0.632245
4969,0.627
4970,0.628223
4971,0.621345
4972,0.630855
4973,0.629148
4974,0.629604
4975,0.62616
4976,0.6335
4977,0.63955
4978,0.647605
4979,0.644538
4980,0.644496
4981,0.643087
4982,0.645494
4983,0.65505
4984,0.651954
4985,0.661748
4986,0.657592
4987,0.65783
4988,0.656491
4989,0.656491
4990,0.655437
4991,0.657484
4992,0.654151
4993,0.653253
4994,0.660458
4995,0.664231
4996,0.664209
4997,0.667468
4998,0.666289
4999,0.673605
5000,0.669635
5001,0.672721
5002,0.672495
5003,0.67365
5004,0.673197
5005,0.669098
5006,0.67297
5007,0.678633
5008,0.677599
5009,0.677599
5010,0.668135
5011,0.669591
5012,0.673696
5013,0.675014
5014,0.675836
5015,0.682105
5016,0.682501
5017,0.682501
5018,0.686153
5019,0.684346
5020,0.680342
5021,0.683457
5022,0.685049
5023,0.686412
5024,0.686412
5025,0.685354
5026,0.67415
5027,0.674059
5028,0.677667
5029,0.68861
5030,0.686412
5031,0.686412
5032,0.693193
5033,0.697058
5034,0.69604
5035,0.703655
5036,0.707164
5037,0.7043
5038,0.706015
5039,0.698763
5040,0.704151
5041,0.71375
5042,0.709673
5043,0.709849
5044,0.709019
5045,0.709019
5046,0.707664
5047,0.719554
5048,0.726137
5049,0.716794
5050,0.715564
5051,0.716794
5052,0.716794
5053,0.718236
5054,0.716743
5055,0.72338
5056,0.716589
5057,0.718184
5058,0.716589
5059,0.716589
5060,0.725953
5061,0.734053
5062,0.732789
5063,0.745156
5064,0.731689
5065,0.732091
5066,0.732091
5067,0.734754
5068,0.734754
5069,0.737436
5070,0.743688
5071,0.738634
5072,0.739317
5073,0.739317
5074,0.753438
5075,0.746018
5076,0.758754
5077,0.75429
5078,0.756344
5079,0.754546
5080,0.754546
5081,0.748811
5082,0.744158
5083,0.728147
5084,0.734619
5085,0.719011
5086,0.718985
5087,0.718985
5088,0.721761
5089,0.716692
5090,0.725058
5091,0.718546
5092,0.725742
5093,0.725032
5094,0.725032
5095,0.740796
5096,0.74118
5097,0.738853
5098,0.733595
5099,0.742198
5100,0.743467
5101,0.743467
5102,0.746965
5103,0.741757
5104,0.746352
5105,0.728651
5106,0.724822
5107,0.725189
5108,0.725189
5109,0.734241
5110,0.723641
5111,0.729341
5112,0.71449
5113,0.710454
5114,0.709799
5115,0.709799
5116,0.713547
5117,0.728147
5118,0.723956
5119,0.722961
5120,0.716102
5121,0.717
5122,0.716255
5123,0.712555
5124,0.710227
5125,0.712504
5126,0.729607
5127,0.724297
5128,0.72372
5129,0.72372
5130,0.728518
5131,0.721735
5132,0.721996
5133,0.710152
5134,0.708617
5135,0.711541
5136,0.711541
5137,0.707814
5138,0.701853
5139,0.705368
5140,0.704399
5141,0.706215
5142,0.706215
5143,0.706215
5144,0.708567
5145,0.718546
5146,0.721007
5147,0.725453
5148,0.723432
5149,0.723432
5150,0.723432
5151,0.732654
5152,0.732359
5153,0.735294
5154,0.732601
5155,0.733299
5156,0.736594
5157,0.736594
5158,0.742005
5159,0.74129
5160,0.738525
5161,0.742308
5162,0.738416
5163,0.737844
5164,0.737844
5165,0.739098
5166,0.737898
5167,0.719528
5168,0.713318
5169,0.712504
5170,0.712809
5171,0.709572
5172,0.714694
5173,0.709069
5174,0.706764
5175,0.706564
5176,0.704871
5177,0.704275
5178,0.700967
5179,0.706215
5180,0.711238
5181,0.707764
5182,0.687947
5183,0.683901
5184,0.683901
5185,0.683901
5186,0.687947
5187,0.694155
5188,0.691372
5189,0.700722
5190,0.694734
5191,0.696379
5192,0.696379
5193,0.698178
5194,0.704821
5195,0.703928
5196,0.701557
5197,0.694686
5198,0.695797
5199,0.695797
5200,0.700771
5201,0.695362
5202,0.693097
5203,0.686012
5204,0.699741
5205,0.699986
5206,0.699986
5207,0.698812
5208,0.695943
5209,0.694011
5210,0.686813
5211,0.695507
5212,0.695072
5213,0.695072
5214,0.69935
5215,0.701361
5216,0.707014
5217,0.699399
5218,0.700722
5219,0.701459
5220,0.700378
5221,0.699301
5222,0.707414
5223,0.716435
5224,0.714745
5225,0.708215
5226,0.708215
5227,0.709019
5228,0.705219
5229,0.705268
5230,0.702642
5231,0.707814
5232,0.703185
5233,0.702889
5234,0.702889
5235,0.707864
5236,0.709673
5237,0.70927
5238,0.707264
5239,0.705567
5240,0.705467
5241,0.705467
5242,0.702889
5243,0.703779
5244,0.708767
5245,0.706664
5246,0.714796
5247,0.715922
5248,0.715922
5249,0.712758
5250,0.710126
5251,0.714337
5252,0.710985
5253,0.707714
5254,0.707714
5255,0.707714
5256,0.708617
5257,0.710429
5258,0.71048
5259,0.711086
5260,0.714592
5261,0.717103
5262,0.717103
5263,0.722543
5264,0.714235
5265,0.717103
5266,0.724008
5267,0.727379
5268,0.731689
5269,0.731689
5270,0.730941
5271,0.720981
5272,0.717309
5273,0.711744
5274,0.715666
5275,0.715666
5276,0.717
5277,0.720565
5278,0.720098
5279,0.71286
5280,0.717257
5281,0.70932
5282,0.707214
5283,0.711086
5284,0.693481
5285,0.695507
5286,0.675584
5287,0.666667
5288,0.676636
5289,0.678472
5290,0.679902
5291,0.674809
5292,0.664143
5293,0.66836
5294,0.683434
5295,0.677323
5296,0.678794
5297,0.679486
5298,0.680041
5299,0.682175
5300,0.678012
5301,0.680457
5302,0.670736
5303,0.672812
5304,0.672812
5305,0.662427
5306,0.662252
5307,0.669478
5308,0.686106
5309,0.687663
5310,0.689798
5311,0.68899
5312,0.696379
5313,0.696864
5314,0.698812
5315,0.702839
5316,0.705119
5317,0.70497
5318,0.705119
5319,0.709371
5320,0.708617
5321,0.712708
5322,0.711491
5323,0.715001
5324,0.713878
5325,0.709874
5326,0.708617
5327,0.692617
5328,0.68918
5329,0.689227
5330,0.688279
5331,0.689655
5332,0.689655
5333,0.687616
5334,0.693001
5335,0.703977
5336,0.706764
5337,0.709371
5338,0.710934
5339,0.710934
5340,0.709774
5341,0.718339
5342,0.722596
5343,0.724113
5344,0.710429
5345,0.711187
5346,0.711187
5347,0.705816
5348,0.715461
5349,0.717978
5350,0.725058
5351,0.725058
5352,0.728597
5353,0.72768
5354,0.73455
5355,0.731797
5356,0.729341
5357,0.725111
5358,0.723956
5359,0.7259
5360,0.726375
5361,0.731689
5362,0.7347
5363,0.733783
5364,0.727749
5365,0.728916
5366,0.732601
5367,0.732601
5368,0.72881
5369,0.720669
5370,0.716743
5371,0.707714
5372,0.708215
5373,0.705219
5374,0.707814
5375,0.707814
5376,0.713929
5377,0.716692
5378,0.707314
5379,0.705716
5380,0.702198
5381,0.702198
5382,0.705517
5383,0.70502
5384,0.697107
5385,0.70373
5386,0.711187
5387,0.710278
5388,0.710278
5389,0.709019
5390,0.697739
5391,0.711845
5392,0.713419
5393,0.720773
5394,0.721033
5395,0.721033
5396,0.7227
5397,0.72197
5398,0.722074
5399,0.724795
5400,0.727431
5401,0.72759
5402,0.72759
5403,0.733245
5404,0.736757
5405,0.73303
5406,0.723014
5407,0.727114
5408,0.726058
5409,0.726058
5410,0.729182
5411,0.728863
5412,0.735727
5413,0.73303
5414,0.73346
5415,0.734268
5416,0.733568
5417,0.735943
5418,0.740192
5419,0.737083
5420,0.73346
5421,0.743992
5422,0.744269
5423,0.74228
5424,0.741125
5425,0.747887
5426,0.753012
5427,0.748223
5428,0.753012
5429,0.754375
5430,0.754375
5431,0.752615
5432,0.752729
5433,0.762544
5434,0.757978
5435,0.757576
5436,0.755572
5437,0.755572
5438,0.756716
5439,0.748503
5440,0.754318
5441,0.746938
5442,0.746102
5443,0.746714
5444,0.74499
5445,0.75188
5446,0.749681
5447,0.74239
5448,0.753409
5449,0.762951
5450,0.762486
5451,0.762369
5452,0.766284
5453,0.772201
5454,0.775555
5455,0.793588
5456,0.795608
5457,0.795482
5458,0.795482
5459,0.789391
5460,0.787402
5461,0.781067
5462,0.779059
5463,0.776337
5464,0.773395
5465,0.773395
5466,0.77682
5467,0.767165
5468,0.771843
5469,0.777122
5470,0.777122
5471,0.77918
5472,0.77918
5473,0.771962
5474,0.761151
5475,0.762137
5476,0.761151
5477,0.749625
5478,0.749625
5479,0.750244
5480,0.744214
5481,0.744325
5482,0.755494
5483,0.755744
5484,0.762195
5485,0.762602
5486,0.762602
5487,0.759129
5488,0.761615
5489,0.747496
5490,0.745712
5491,0.747775
5492,0.748111
5493,0.748111
5494,0.754774
5495,0.752842
5496,0.744435
5497,0.73616
5498,0.735727
5499,0.736106
5500,0.736106
5501,0.74217
5502,0.743826
5503,0.742942
5504,0.748727
5505,0.748727
5506,0.749064
5507,0.749064
5508,0.747887
5509,0.75523
5510,0.764877
5511,0.768403
5512,0.778634
5513,0.779606
5514,0.779606
5515,0.776096
5516,0.767224
5517,0.761673
5518,0.758093
5519,0.758495
5520,0.759821
5521,0.757576
5522,0.762137
5523,0.760052
5524,0.759301
5525,0.769231
5526,0.768226
5527,0.76693
5528,0.767695
5529,0.773455
5530,0.770179
5531,0.771724
5532,0.755972
5533,0.757691
5534,0.757805
5535,0.757805
5536,0.763884
5537,0.76365
5538,0.766049
5539,0.771188
5540,0.772857
5541,0.772201
5542,0.772201
5543,0.772559
5544,0.780214
5545,0.779788
5546,0.772917
5547,0.76864
5548,0.76858
5549,0.76858
5550,0.770179
5551,0.777484
5552,0.771426
5553,0.76746
5554,0.759071
5555,0.760167
5556,0.760167
5557,0.75643
5558,0.752106
5559,0.751767
5560,0.75884
5561,0.762777
5562,0.763359
5563,0.763359
5564,0.761035
5565,0.748335
5566,0.745657
5567,0.747384
5568,0.751145
5569,0.751145
5570,0.750807
5571,0.751428
5572,0.750694
5573,0.74239
5574,0.740302
5575,0.736377
5576,0.738662
5577,0.736594
5578,0.735835
5579,0.740412
5580,0.739262
5581,0.735294
5582,0.744879
5583,0.738007
5584,0.731422
5585,0.72998
5586,0.718391
5587,0.730407
5588,0.730407
5589,0.730407
5590,0.73346
5591,0.740521
5592,0.74173
5593,0.749963
5594,0.749963
5595,0.749963
5596,0.749963
5597,0.754205
5598,0.755344
5599,0.763475
5600,0.764234
5601,0.765755
5602,0.767695
5603,0.766989
5604,0.766342
5605,0.769053
5606,0.778634
5607,0.776699
5608,0.782411
5609,0.783085
5610,0.783085
5611,0.781067
5612,0.785731
5613,0.788333
5614,0.792707
5615,0.798148
5616,0.799552
5617,0.797067
5618,0.789079
5619,0.788022
5620,0.795229
5621,0.801989
5622,0.801475
5623,0.80186
5624,0.802053
5625,0.799488
5626,0.805218
5627,0.805348
5628,0.799361
5629,0.808407
5630,0.807103
5631,0.807103
5632,0.808865
5633,0.800512
5634,0.790826
5635,0.785484
5636,0.793021
5637,0.795292
5638,0.795292
5639,0.793462
5640,0.792267
5641,0.788333
5642,0.797957
5643,0.786906
5644,0.787154
5645,0.785176
5646,0.78284
5647,0.782473
5648,0.788333
5649,0.78964
5650,0.799041
5651,0.793399
5652,0.793399
5653,0.789889
5654,0.796495
5655,0.797957
5656,0.809717
5657,0.817394
5658,0.818599
5659,0.818599
5660,0.817394
5661,0.823316
5662,0.820816
5663,0.816393
5664,0.817528
5665,0.815794
5666,0.815262
5667,0.814266
5668,0.821423
5669,0.816127
5670,0.827198
5671,0.822436
5672,0.823588
5673,0.823588
5674,0.813008
5675,0.819269
5676,0.806127
5677,0.801218
5678,0.810898
5679,0.810504
5680,0.810504
5681,0.809389
5682,0.811688
5683,0.817929
5684,0.81011
5685,0.81182
5686,0.811886
5687,0.811886
5688,0.804829
5689,0.810504
5690,0.823181
5691,0.826583
5692,0.828226
5693,0.827061
5694,0.827061
5695,0.8296
5696,0.828157
5697,0.826856
5698,0.830979
5699,0.834446
5700,0.837802
5701,0.833264
5702,0.829669
5703,0.819605
5704,0.83682
5705,0.84317
5706,0.845094
5707,0.843597
5708,0.843597
5709,0.843811
5710,0.856238
5711,0.855798
5712,0.863334
5713,0.865127
5714,0.864678
5715,0.864379
5716,0.866176
5717,0.87146
5718,0.870019
5719,0.871536
5720,0.877501
5721,0.87727
5722,0.87727
5723,0.874355
5724,0.869036
5725,0.863856
5726,0.843811
5727,0.845237
5728,0.83167
5729,0.83167
5730,0.830358
5731,0.816193
5732,0.817661
5733,0.824742
5734,0.833611
5735,0.831393
5736,0.831393
5737,0.829738
5738,0.8351
5739,0.837381
5740,0.81974
5741,0.820681
5742,0.823995
5743,0.823995
5744,0.825083
5745,0.832362
5746,0.827198
5747,0.829738
5748,0.840195
5749,0.839842
5750,0.843668
5751,0.851209
5752,0.85162
5753,0.84674
5754,0.831947
5755,0.831808
5756,0.832362
5757,0.822301
5758,0.818465
5759,0.825627
5760,0.822301
5761,0.830979
5762,0.819807
5763,0.816127
5764,0.778028
5765,0.778816
5766,0.772618
5767,0.793903
5768,0.778634
5769,0.76746
5770,0.759013
5771,0.762486
5772,0.766754
5773,0.76929
5774,0.78456
5775,0.780457
5776,0.798148
5777,0.791703
5778,0.796369
5779,0.794786
5780,0.793336
5781,0.801603
5782,0.797194
5783,0.79277
5784,0.821693
5785,0.810898
5786,0.793462
5787,0.788955
5788,0.791766
5789,0.791515
5790,0.795229
5791,0.79466
5792,0.785762
5793,0.776398
5794,0.786411
5795,0.778634
5796,0.76864
5797,0.768699
5798,0.761905
5799,0.757031
5800,0.756487
5801,0.747105
5802,0.745629
5803,0.740357
5804,0.741565
5805,0.741785
5806,0.755059
5807,0.762253
5808,0.776759
5809,0.777152
5810,0.777363
5811,0.78183
5812,0.778513
5813,0.773485
5814,0.773156
5815,0.773395
5816,0.773395
5817,0.762021
5818,0.763534
5819,0.751174
5820,0.75392
5821,0.763009
5822,0.75706
5823,0.769112
5824,0.767401
5825,0.774893
5826,0.773814
5827,0.773994
5828,0.772022
5829,0.769172
5830,0.77006
5831,0.780457
5832,0.777484
5833,0.777484
5834,0.778816
5835,0.789889
5836,0.781616
5837,0.781433
5838,0.785176
5839,0.794976
5840,0.794597
5841,0.792456
5842,0.792519
5843,0.793588
5844,0.800064
5845,0.805088
5846,0.810636
5847,0.809323
5848,0.805088
5849,0.821558
5850,0.823723
5851,0.819236
5852,0.824674
5853,0.834585
5854,0.835143
5855,0.83619
5856,0.835946
5857,0.833611
5858,0.83612
5859,0.833889
5860,0.83647
5861,0.8285
5862,0.826583
5863,0.835213
5864,0.832085
5865,0.837802
5866,0.831117
5867,0.832293
5868,0.840089
5869,0.83668
5870,0.829463
5871,0.833403
5872,0.83647
5873,0.835701
5874,0.840477
5875,0.837591
5876,0.840124
5877,0.840054
5878,0.83091
5879,0.828947
5880,0.821828
5881,0.810767
5882,0.819739
5883,0.824063
5884,0.82149
5885,0.821355
5886,0.821355
5887,0.816793
5888,0.821828
5889,0.809192
5890,0.819605
5891,0.825014
5892,0.824402
5893,0.824402
5894,0.826583
5895,0.817528
5896,0.814399
5897,0.808767
5898,0.817127
5899,0.819437
5900,0.819437
5901,0.820917
5902,0.821625
5903,0.81626
5904,0.813603
5905,0.820883
5906,0.818465
5907,0.82464
5908,0.823452
5909,0.81473
5910,0.816327
5911,0.819403
5912,0.81606
5913,0.81606
5914,0.82291
5915,0.814531
5916,0.818264
5917,0.827061
5918,0.824334
5919,0.823045
5920,0.823045
5921,0.821018
5922,0.822504
5923,0.816127
5924,0.81314
5925,0.817595
5926,0.811162
5927,0.813074
5928,0.814133
5929,0.822504
5930,0.817127
5931,0.815129
5932,0.80952
5933,0.799233
5934,0.794849
5935,0.795735
5936,0.795672
5937,0.788146
5938,0.786473
5939,0.786658
5940,0.785608
5941,0.779423
5942,0.770921
5943,0.765111
5944,0.767224
5945,0.752729
5946,0.756716
5947,0.756716
5948,0.762021
5949,0.75815
5950,0.749344
5951,0.750751
5952,0.755401
5953,0.75375
5954,0.760861
5955,0.760803
5956,0.755116
5957,0.753807
5958,0.752955
5959,0.754262
5960,0.755658
5961,0.755344
5962,0.768344
5963,0.77098
5964,0.76929
5965,0.772618
5966,0.775675
5967,0.779545
5968,0.77991
5969,0.787836
5970,0.791515
5971,0.797957
5972,0.795862
5973,0.788581
5974,0.791264
5975,0.790576
5976,0.790576
5977,0.786596
5978,0.791327
5979,0.791202
5980,0.784929
5981,0.802504
5982,0.801475
5983,0.801475
5984,0.8036
5985,0.804376
5986,0.804441
5987,0.803988
5988,0.796749
5989,0.797957
5990,0.796622
5991,0.795545
5992,0.798531
5993,0.790202
5994,0.794786
5995,0.797067
5996,0.797703
5997,0.800064
5998,0.802439
5999,0.798786
6000,0.799744
6001,0.799744
6002,0.788457
6003,0.785299
6004,0.790077
6005,0.80186
6006,0.809717
6007,0.808407
6008,0.810504
6009,0.813008
6010,0.808407
6011,0.818264
6012,0.819001
6013,0.819001
6014,0.821153
6015,0.816127
6016,0.815328
6017,0.811162
6018,0.81215
6019,0.808538
6020,0.805802
6021,0.806712
6022,0.81103
6023,0.807233
6024,0.807624
6025,0.807624
6026,0.809061
6027,0.810964
6028,0.808865
6029,0.814001
6030,0.811952
6031,0.809454
6032,0.804117
6033,0.802826
6034,0.798276
6035,0.803084
6036,0.803729
6037,0.797575
6038,0.793462
6039,0.79447
6040,0.802761
6041,0.812018
6042,0.809389
6043,0.818666
6044,0.819471
6045,0.829325
6046,0.829119
6047,0.825832
6048,0.826925
6049,0.827883
6050,0.827541
6051,0.830634
6052,0.820075
6053,0.825627
6054,0.823859
6055,0.831808
6056,0.830392
6057,0.829187
6058,0.827883
6059,0.819135
6060,0.822639
6061,0.818733
6062,0.818063
6063,0.821288
6064,0.816927
6065,0.815461
6066,0.8188
6067,0.816993
6068,0.81686
6069,0.81686
6070,0.819001
6071,0.813603
6072,0.822301
6073,0.821693
6074,0.816593
6075,0.815927
6076,0.816593
6077,0.811688
6078,0.817127
6079,0.821625
6080,0.82149
6081,0.818867
6082,0.820749
6083,0.821828
6084,0.827404
6085,0.82631
6086,0.825287
6087,0.82481
6088,0.827678
6089,0.8259
6090,0.816793
6091,0.814399
6092,0.814067
6093,0.817394
6094,0.819471
6095,0.811293
6096,0.809389
6097,0.808571
6098,0.812546
6099,0.81813
6100,0.814797
6101,0.811754
6102,0.81493
6103,0.823859
6104,0.824029
6105,0.821895
6106,0.821052
6107,0.82291
6108,0.821625
6109,0.819706
6110,0.820143
6111,0.820143
6112,0.821659
6113,0.824436
6114,0.824674
6115,0.832709
6116,0.832882
6117,0.832535
6118,0.832535
6119,0.834168
6120,0.837872
6121,0.843846
6122,0.844096
6123,0.846346
6124,0.846346
6125,0.844238
6126,0.842212
6127,0.83675
6128,0.833229
6129,0.824368
6130,0.82352
6131,0.822571
6132,0.821558
6133,0.815894
6134,0.817361
6135,0.820883
6136,0.81984
6137,0.826856
6138,0.827369
6139,0.833854
6140,0.832258
6141,0.828844
6142,0.831843
6143,0.831843
6144,0.835143
6145,0.834376
6146,0.83956
6147,0.842212
6148,0.837311
6149,0.836645
6150,0.836645
6151,0.839701
6152,0.839137
6153,0.841043
6154,0.841008
6155,0.834829
6156,0.837135
6157,0.837135
6158,0.836645
6159,0.839772
6160,0.842851
6161,0.838891
6162,0.837416
6163,0.837276
6164,0.837276
6165,0.830875
6166,0.837521
6167,0.831497
6168,0.839137
6169,0.846776
6170,0.845309
6171,0.84513
6172,0.845916
6173,0.844309
6174,0.842673
6175,0.830392
6176,0.835178
6177,0.836225
6178,0.836225
6179,0.8371
6180,0.84207
6181,0.840407
6182,0.847099
6183,0.84563
6184,0.845166
6185,0.844916
6186,0.845309
6187,0.848284
6188,0.8364
6189,0.834864
6190,0.838223
6191,0.837977
6192,0.837977
6193,0.838399
6194,0.8243
6195,0.823316
6196,0.828672
6197,0.824606
6198,0.825151
6199,0.822774
6200,0.829738
6201,0.830599
6202,0.827096
6203,0.819672
6204,0.821794
6205,0.822064
6206,0.825423
6207,0.825219
6208,0.825593
6209,0.822571
6210,0.827198
6211,0.827438
6212,0.827438
6213,0.825866
6214,0.823791
6215,0.822571
6216,0.831878
6217,0.83462
6218,0.836225
6219,0.836225
6220,0.83462
6221,0.837381
6222,0.835981
6223,0.836715
6224,0.836225
6225,0.837205
6226,0.837205
6227,0.838434
6228,0.841999
6229,0.843811
6230,0.838153
6231,0.842957
6232,0.840619
6233,0.843064
6234,0.845952
6235,0.852115
6236,0.856788
6237,0.86326
6238,0.858001
6239,0.858922
6240,0.858848
6241,0.845666
6242,0.850593
6243,0.843917
6244,0.842495
6245,0.843526
6246,0.841928
6247,0.841751
6248,0.840795
6249,0.840407
6250,0.845988
6251,0.852515
6252,0.849005
6253,0.847925
6254,0.847925
6255,0.856751
6256,0.856898
6257,0.849618
6258,0.849654
6259,0.853898
6260,0.853279
6261,0.853279
6262,0.851644
6263,0.845309
6264,0.838785
6265,0.843241
6266,0.831221
6267,0.830254
6268,0.830254
6269,0.823757
6270,0.819706
6271,0.821895
6272,0.818398
6273,0.807461
6274,0.806354
6275,0.806354
6276,0.81626
6277,0.817595
6278,0.807657
6279,0.814332
6280,0.808309
6281,0.809848
6282,0.809848
6283,0.808407
6284,0.809029
6285,0.812381
6286,0.808211
6287,0.796242
6288,0.810701
6289,0.797416
6290,0.793588
6291,0.802343
6292,0.787247
6293,0.788768
6294,0.788768
6295,0.789858
6296,0.785793
6297,0.798244
6298,0.804182
6299,0.805445
6300,0.805056
6301,0.805056
6302,0.799456
6303,0.800833
6304,0.804182
6305,0.774054
6306,0.775104
6307,0.775795
6308,0.773994
6309,0.778665
6310,0.778938
6311,0.773694
6312,0.774353
6313,0.774353
6314,0.781158
6315,0.774893
6316,0.777091
6317,0.784037
6318,0.769675
6319,0.770951
6320,0.770951
6321,0.780183
6322,0.786102
6323,0.780457
6324,0.779484
6325,0.778119
6326,0.777968
6327,0.777968
6328,0.780671
6329,0.788675
6330,0.789952
6331,0.790014
6332,0.794092
6333,0.793273
6334,0.793273
6335,0.796432
6336,0.799424
6337,0.79186
6338,0.807559
6339,0.808375
6340,0.808669
6341,0.808669
6342,0.801603
6343,0.796972
6344,0.796147
6345,0.788208
6346,0.784806
6347,0.783331
6348,0.783331
6349,0.780122
6350,0.790701
6351,0.796686
6352,0.802858
6353,0.803859
6354,0.803859
6355,0.803859
6356,0.801507
6357,0.795355
6358,0.803213
6359,0.80694
6360,0.809487
6361,0.810307
6362,0.810143
6363,0.807005
6364,0.798085
6365,0.789484
6366,0.784652
6367,0.781403
6368,0.780244
6369,0.780244
6370,0.784745
6371,0.778847
6372,0.779606
6373,0.777333
6374,0.773754
6375,0.772618
6376,0.772738
6377,0.781036
6378,0.778695
6379,0.791014
6380,0.788395
6381,0.80016
6382,0.800064
6383,0.800064
6384,0.802633
6385,0.806647
6386,0.808669
6387,0.814465
6388,0.814531
6389,0.813041
6390,0.813041
6391,0.81716
6392,0.824097
6393,0.823825
6394,0.835631
6395,0.838574
6396,0.83675
6397,0.83675
6398,0.837907
6399,0.829153
6400,0.824844
6401,0.827301
6402,0.827404
6403,0.827952
6404,0.827849
6405,0.831808
6406,0.827198
6407,0.82672
6408,0.830082
6409,0.832743
6410,0.831635
6411,0.831635
6412,0.832952
6413,0.829325
6414,0.828981
6415,0.829256
6416,0.832743
6417,0.832258
6418,0.832258
6419,0.83661
6420,0.836645
6421,0.841468
6422,0.850847
6423,0.849545
6424,0.850232
6425,0.850232
6426,0.846704
6427,0.851716
6428,0.838188
6429,0.834934
6430,0.828157
6431,0.827952
6432,0.827952
6433,0.82905
6434,0.824674
6435,0.825866
6436,0.82631
6437,0.822842
6438,0.826856
6439,0.826856
6440,0.828363
6441,0.830151
6442,0.838504
6443,0.833959
6444,0.825014
6445,0.825287
6446,0.824742
6447,0.823418
6448,0.821963
6449,0.825968
6450,0.827952
6451,0.832466
6452,0.832952
6453,0.834272
6454,0.83689
6455,0.83375
6456,0.829703
6457,0.820883
6458,0.816593
6459,0.819538
6460,0.819538
6461,0.818599
6462,0.819236
6463,0.813074
6464,0.811754
6465,0.815328
6466,0.813041
6467,0.813041
6468,0.818297
6469,0.82464
6470,0.817261
6471,0.820647
6472,0.827335
6473,0.828466
6474,0.828466
6475,0.826856
6476,0.831843
6477,0.82247
6478,0.823452
6479,0.8259
6480,0.826754
6481,0.826754
6482,0.826549
6483,0.824606
6484,0.822538
6485,0.817461
6486,0.821355
6487,0.820951
6488,0.820951
6489,0.82122
6490,0.818565
6491,0.818331
6492,0.81576
6493,0.81813
6494,0.814764
6495,0.814764
6496,0.821288
6497,0.823249
6498,0.822233
6499,0.820244
6500,0.829531
6501,0.827438
6502,0.827438
6503,0.828535
6504,0.828432
6505,0.828569
6506,0.825014
6507,0.828706
6508,0.830461
6509,0.830461
6510,0.83605
6511,0.839208
6512,0.834794
6513,0.832154
6514,0.826276
6515,0.825934
6516,0.825934
6517,0.826241
6518,0.831635
6519,0.830979
6520,0.832154
6521,0.824844
6522,0.821355
6523,0.821355
6524,0.823486
6525,0.825355
6526,0.827609
6527,0.814034
6528,0.808931
6529,0.808669
6530,0.808669
6531,0.810931
6532,0.819336
6533,0.820378
6534,0.82713
6535,0.828054
6536,0.829635
6537,0.829635
6538,0.827438
6539,0.833681
6540,0.831739
6541,0.83375
6542,0.836575
6543,0.836925
6544,0.836925
6545,0.83605
6546,0.830806
6547,0.83091
6548,0.828603
6549,0.82802
6550,0.828157
6551,0.828157
6552,0.83382
6553,0.833542
6554,0.829256
6555,0.837661
6556,0.838926
6557,0.838328
6558,0.838328
6559,0.836575
6560,0.837802
6561,0.841928
6562,0.848644
6563,0.845666
6564,0.846848
6565,0.846848
6566,0.84631
6567,0.847889
6568,0.848896
6569,0.856678
6570,0.853825
6571,0.854664
6572,0.854664
6573,0.857412
6574,0.863558
6575,0.86285
6576,0.854372
6577,0.854701
6578,0.853643
6579,0.853643
6580,0.854117
6581,0.856091
6582,0.860067
6583,0.86734
6584,0.865202
6585,0.866138
6586,0.866138
6587,0.867528
6588,0.865576
6589,0.855688
6590,0.853752
6591,0.857927
6592,0.859956
6593,0.859956
6594,0.859734
6595,0.867453
6596,0.865164
6597,0.869679
6598,0.868093
6599,0.86915
6600,0.86915
6601,0.867679
6602,0.863819
6603,0.861772
6604,0.857817
6605,0.857412
6606,0.857155
6607,0.857155
6608,0.855761
6609,0.859919
6610,0.858222
6611,0.856311
6612,0.858222
6613,0.857596
6614,0.857964
6615,0.85317
6616,0.855542
6617,0.860919
6618,0.862664
6619,0.866664
6620,0.866439
6621,0.866852
6622,0.868357
6623,0.876501
6624,0.867754
6625,0.865202
6626,0.861289
6627,0.861364
6628,0.861364
6629,0.86218
6630,0.863558
6631,0.866889
6632,0.863894
6633,0.863371
6634,0.862589
6635,0.862776
6636,0.863036
6637,0.856348
6638,0.855103
6639,0.855578
6640,0.855066
6641,0.85492
6642,0.854153
6643,0.855359
6644,0.853352
6645,0.848608
6646,0.846024
6647,0.849329
6648,0.849618
6649,0.849618
6650,0.845059
6651,0.842637
6652,0.841361
6653,0.850557
6654,0.850123
6655,0.850051
6656,0.850051
6657,0.84886
6658,0.8511
6659,0.855871
6660,0.867905
6661,0.866476
6662,0.866363
6663,0.866363
6664,0.867227
6665,0.865014
6666,0.868432
6667,0.870777
6668,0.869641
6669,0.869754
6670,0.869754
6671,0.87108
6672,0.868697
6673,0.873248
6674,0.876962
6675,0.87677
6676,0.877732
6677,0.877732
6678,0.875197
6679,0.878002
6680,0.876539
6681,0.875388
6682,0.874317
6683,0.873935
6684,0.873935
6685,0.876463
6686,0.879121
6687,0.880049
6688,0.882379
6689,0.881057
6690,0.881057
6691,0.881057
6692,0.879701
6693,0.876463
6694,0.870928
6695,0.869981
6696,0.868923
6697,0.868998
6698,0.869943
6699,0.868998
6700,0.866401
6701,0.868583
6702,0.858406
6703,0.855139
6704,0.855322
6705,0.855322
6706,0.854847
6707,0.850376
6708,0.84832
6709,0.849473
6710,0.851209
6711,0.851825
6712,0.851825
6713,0.852551
6714,0.846059
6715,0.847458
6716,0.84832
6717,0.846883
6718,0.846167
6719,0.846274
6720,0.845845
6721,0.843668
6722,0.846131
6723,0.848284
6724,0.848644
6725,0.849401
6726,0.848572
6727,0.847673
6728,0.843028
6729,0.840654
6730,0.84076
6731,0.840089
6732,0.840937
6733,0.835003
6734,0.83257
6735,0.83724
6736,0.837556
6737,0.836155
6738,0.836225
6739,0.836225
6740,0.838047
6741,0.831255
6742,0.831947
6743,0.830944
6744,0.832709
6745,0.832917
6746,0.827575
6747,0.823282
6748,0.823995
6749,0.817862
6750,0.815508
6751,0.815508
6752,0.816395
6753,0.820105
6754,0.820105
6755,0.815694
6756,0.813438
6757,0.813008
6758,0.812942
6759,0.812942
6760,0.811359
6761,0.806452
6762,0.793556
6763,0.787092
6764,0.786658
6765,0.786751
6766,0.777273
6767,0.779029
6768,0.779849
6769,0.777015
6770,0.777015
6771,0.777015
6772,0.77984
6773,0.784625
6774,0.784625
6775,0.780762
6776,0.785793
6777,0.784375
6778,0.781739
6779,0.781739
6780,0.786875
6781,0.785731
6782,0.797194
6783,0.795862
6784,0.793179
6785,0.792142
6786,0.792142
6787,0.797099
6788,0.79713
6789,0.794218
6790,0.782228
6791,0.785268
6792,0.785546
6793,0.785546
6794,0.790202
6795,0.792739
6796,0.795071
6797,0.784806
6798,0.779302
6799,0.779089
6800,0.779089
6801,0.772947
6802,0.777454
6803,0.772738
6804,0.771873
6805,0.773545
6806,0.775164
6807,0.775164
6808,0.776669
6809,0.780244
6810,0.789733
6811,0.789983
6812,0.790576
6813,0.790952
6814,0.790952
6815,0.793714
6816,0.793934
6817,0.785947
6818,0.785268
6819,0.788364
6820,0.788457
6821,0.788457
6822,0.786133
6823,0.78064
6824,0.788022
6825,0.786565
6826,0.784037
6827,0.784314
6828,0.784314
6829,0.789141
6830,0.779757
6831,0.777726
6832,0.781158
6833,0.771933
6834,0.771159
6835,0.771159
6836,0.766342
6837,0.772022
6838,0.771099
6839,0.780244
6840,0.778059
6841,0.777756
6842,0.777756
6843,0.774863
6844,0.778816
6845,0.772648
6846,0.775314
6847,0.774653
6848,0.774803
6849,0.774803
6850,0.773904
6851,0.77104
6852,0.771873
6853,0.772917
6854,0.775976
6855,0.772857
6856,0.772857
6857,0.778998
6858,0.784468
6859,0.769882
6860,0.769882
6861,0.770268
6862,0.779545
6863,0.772529
6864,0.782656
6865,0.783147
6866,0.783392
6867,0.783392
6868,0.777122
6869,0.773365
6870,0.774114
6871,0.778907
6872,0.777847
6873,0.77915
6874,0.77915
6875,0.777393
6876,0.769349
6877,0.757146
6878,0.755687
6879,0.7473
6880,0.745684
6881,0.745684
6882,0.742363
6883,0.746018
6884,0.745796
6885,0.725716
6886,0.724743
6887,0.726137
6888,0.726137
6889,0.729341
6890,0.729341
6891,0.737246
6892,0.738253
6893,0.736947
6894,0.736675
6895,0.736675
6896,0.741482
6897,0.741043
6898,0.737708
6899,0.74744
6900,0.746687
6901,0.745601
6902,0.745573
6903,0.750694
6904,0.752049
6905,0.75253
6906,0.754233
6907,0.75304
6908,0.752474
6909,0.752474
6910,0.754489
6911,0.746659
6912,0.754432
6913,0.755316
6914,0.755601
6915,0.756086
6916,0.756086
6917,0.752049
6918,0.756888
6919,0.758208
6920,0.746352
6921,0.737137
6922,0.736241
6923,0.736241
6924,0.736675
6925,0.726296
6926,0.721501
6927,0.738062
6928,0.732789
6929,0.734835
6930,0.734835
6931,0.739946
6932,0.731368
6933,0.737599
6934,0.738716
6935,0.757031
6936,0.756659
6937,0.756659
6938,0.763271
6939,0.763592
6940,0.76147
6941,0.758898
6942,0.757203
6943,0.756659
6944,0.756659
6945,0.751625
6946,0.747524
6947,0.74744
6948,0.748503
6949,0.759619
6950,0.759157
6951,0.759157
6952,0.758236
6953,0.750948
6954,0.75663
6955,0.755059
6956,0.753665
6957,0.753324
6958,0.753324
6959,0.744048
6960,0.752842
6961,0.75933
6962,0.767872
6963,0.768433
6964,0.768344
6965,0.768344
6966,0.764614
6967,0.767902
6968,0.76743
6969,0.758581
6970,0.759561
6971,0.760109
6972,0.760109
6973,0.764526
6974,0.772768
6975,0.773575
6976,0.761934
6977,0.752984
6978,0.754148
6979,0.754148
6980,0.753324
6981,0.756544
6982,0.750554
6983,0.744352
6984,0.749457
6985,0.749092
6986,0.749092
6987,0.735727
6988,0.73654
6989,0.747915
6990,0.749541
6991,0.748447
6992,0.74744
6993,0.74744
6994,0.737599
6995,0.734322
6996,0.7303
6997,0.732064
6998,0.730327
6999,0.731208
7000,0.731208
7001,0.731449
7002,0.723563
7003,0.722752
7004,0.716589
7005,0.710682
7006,0.710707
7007,0.71053
7008,0.709421
7009,0.718933
7010,0.714566
7011,0.711136
7012,0.704771
7013,0.704573
7014,0.704573
7015,0.71144
7016,0.713572
7017,0.72015
7018,0.699496
7019,0.699374
7020,0.698348
7021,0.698348
7022,0.700084
7023,0.698666
7024,0.691587
7025,0.692353
7026,0.689941
7027,0.691252
7028,0.691252
7029,0.686554
7030,0.684791
7031,0.689608
7032,0.691276
7033,0.683317
7034,0.684346
7035,0.684346
7036,0.687592
7037,0.677553
7038,0.675014
7039,0.672359
7040,0.669142
7041,0.669232
7042,0.669546
7043,0.669456
7044,0.665181
7045,0.672699
7046,0.671953
7047,0.669299
7048,0.671637
7049,0.67245
7050,0.669411
7051,0.670983
7052,0.659914
7053,0.652039
7054,0.652337
7055,0.652167
7056,0.652167
7057,0.657203
7058,0.664518
7059,0.65835
7060,0.664253
7061,0.656944
7062,0.657657
7063,0.657657
7064,0.661726
7065,0.669949
7066,0.670309
7067,0.659304
7068,0.660677
7069,0.659348
7070,0.659348
7071,0.659914
7072,0.655351
7073,0.651742
7074,0.6549
7075,0.661266
7076,0.662076
7077,0.662076
7078,0.661638
7079,0.653061
7080,0.662515
7081,0.656362
7082,0.654729
7083,0.654151
7084,0.654151
7085,0.65796
7086,0.657635
7087,0.659718
7088,0.66335
7089,0.668963
7090,0.668606
7091,0.668606
7092,0.653253
7093,0.650893
7094,0.642261
7095,0.645599
7096,0.645494
7097,0.64635
7098,0.64635
7099,0.635445
7100,0.634296
7101,0.635001
7102,0.639304
7103,0.629287
7104,0.627943
7105,0.627943
7106,0.625645
7107,0.633955
7108,0.64
7109,0.630656
7110,0.631512
7111,0.631752
7112,0.631752
7113,0.633052
7114,0.633032
7115,0.635344
7116,0.633874
7117,0.641746
7118,0.640061
7119,0.639754
7120,0.631453
7121,0.629545
7122,0.625156
7123,0.634659
7124,0.637308
7125,0.638325
7126,0.638325
7127,0.633633
7128,0.635364
7129,0.639509
7130,0.639795
7131,0.642653
7132,0.644517
7133,0.644517
7134,0.649393
7135,0.653531
7136,0.661835
7137,0.66368
7138,0.670399
7139,0.669232
7140,0.669232
7141,0.673446
7142,0.66865
7143,0.676613
7144,0.687002
7145,0.680156
7146,0.680944
7147,0.680944
7148,0.680064
7149,0.675858
7150,0.673151
7151,0.678058
7152,0.674787
7153,0.675151
7154,0.675333
7155,0.679117
7156,0.678702
7157,0.671795
7158,0.668047
7159,0.676201
7160,0.677438
7161,0.677438
7162,0.67465
7163,0.667401
7164,0.657787
7165,0.662647
7166,0.65136
7167,0.652443
7168,0.652443
7169,0.653787
7170,0.652891
7171,0.65606
7172,0.653659
7173,0.652699
7174,0.654643
7175,0.654643
7176,0.648887
7177,0.646057
7178,0.643646
7179,0.65796
7180,0.655996
7181,0.656319
7182,0.656319
7183,0.65119
7184,0.653232
7185,0.657052
7186,0.657397
7187,0.653296
7188,0.653445
7189,0.653445
7190,0.657592
7191,0.667646
7192,0.66335
7193,0.663416
7194,0.675402
7195,0.674559
7196,0.674559
7197,0.664651
7198,0.66368
7199,0.662537
7200,0.676521
7201,0.672382
7202,0.671862
7203,0.671862
7204,0.677094
7205,0.6749
7206,0.677048
7207,0.669411
7208,0.675105
7209,0.672721
7210,0.672721
7211,0.676956
7212,0.680944
7213,0.678656
7214,0.684065
7215,0.682827
7216,0.684065
7217,0.684065
7218,0.685096
7219,0.687238
7220,0.683644
7221,0.684018
7222,0.68465
7223,0.684252
7224,0.684252
7225,0.673197
7226,0.66986
7227,0.663812
7228,0.665048
7229,0.65563
7230,0.654322
7231,0.654322
7232,0.6546
7233,0.651742
7234,0.656146
7235,0.646392
7236,0.643211
7237,0.64658
7238,0.64658
7239,0.644247
7240,0.648803
7241,0.639039
7242,0.649625
7243,0.647941
7244,0.649266
7245,0.649266
7246,0.647249
7247,0.649393
7248,0.652933
7249,0.646998
7250,0.6466
7251,0.648424
7252,0.648424
7253,0.651232
7254,0.649161
7255,0.665624
7256,0.673106
7257,0.662361
7258,0.662954
7259,0.662954
7260,0.663504
7261,0.666045
7262,0.664386
7263,0.668248
7264,0.662888
7265,0.662669
7266,0.662669
7267,0.665447
7268,0.656534
7269,0.662888
7270,0.661704
7271,0.661354
7272,0.662954
7273,0.662954
7274,0.672156
7275,0.666333
7276,0.663196
7277,0.669411
7278,0.66368
7279,0.662954
7280,0.662954
7281,0.6595
7282,0.661967
7283,0.664253
7284,0.674445
7285,0.680342
7286,0.682035
7287,0.682035
7288,0.679856
7289,0.67595
7290,0.67974
7291,0.666045
7292,0.676659
7293,0.674491
7294,0.674491
7295,0.668025
7296,0.659304
7297,0.659391
7298,0.684838
7299,0.680342
7300,0.679648
7301,0.679648
7302,0.67506
7303,0.674514
7304,0.66986
7305,0.669591
7306,0.668405
7307,0.668695
7308,0.668695
7309,0.671885
7310,0.684556
7311,0.691085
7312,0.692113
7313,0.690179
7314,0.690417
7315,0.69025
7316,0.684627
7317,0.67891
7318,0.682198
7319,0.677209
7320,0.680897
7321,0.680851
7322,0.680851
7323,0.686059
7324,0.69056
7325,0.691611
7326,0.687002
7327,0.691491
7328,0.69197
7329,0.69197
7330,0.694686
7331,0.703878
7332,0.698812
7333,0.690989
7334,0.684767
7335,0.685307
7336,0.685307
7337,0.684744
7338,0.68861
7339,0.685495
7340,0.697934
7341,0.697107
7342,0.697739
7343,0.697739
7344,0.701705
7345,0.693433
7346,0.686908
7347,0.68835
7348,0.684346
7349,0.683878
7350,0.683878
7351,0.676888
7352,0.675083
7353,0.683924
7354,0.681199
7355,0.678196
7356,0.676842
7357,0.676842
7358,0.679509
7359,0.682012
7360,0.679833
7361,0.674946
7362,0.676842
7363,0.676498
7364,0.676247
7365,0.676842
7366,0.673197
7367,0.676064
7368,0.67365
7369,0.670488
7370,0.669411
7371,0.669546
7372,0.669905
7373,0.676384
7374,0.681849
7375,0.681129
7376,0.693914
7377,0.695628
7378,0.695628
7379,0.693241
7380,0.696961
7381,0.702149
7382,0.712555
7383,0.704523
7384,0.705567
7385,0.705567
7386,0.705517
7387,0.699888
7388,0.703087
7389,0.704449
7390,0.706414
7391,0.705442
7392,0.705069
7393,0.711187
7394,0.712911
7395,0.71582
7396,0.724113
7397,0.713318
7398,0.713318
7399,0.713318
7400,0.699399
7401,0.702889
7402,0.71048
7403,0.711288
7404,0.716435
7405,0.717952
7406,0.717952
7407,0.722961
7408,0.714235
7409,0.711238
7410,0.722648
7411,0.72873
7412,0.730647
7413,0.730647
7414,0.721917
7415,0.731904
7416,0.728651
7417,0.720773
7418,0.714235
7419,0.711642
7420,0.711642
7421,0.710858
7422,0.704597
7423,0.702321
7424,0.697569
7425,0.699081
7426,0.700158
7427,0.700158
7428,0.699252
7429,0.703755
7430,0.705069
7431,0.707064
7432,0.721527
7433,0.720357
7434,0.720357
7435,0.719243
7436,0.723615
7437,0.714898
7438,0.717901
7439,0.714031
7440,0.713801
7441,0.713801
7442,0.714184
7443,0.715871
7444,0.722022
7445,0.72197
7446,0.719476
7447,0.719709
7448,0.719709
7449,0.721215
7450,0.728465
7451,0.722831
7452,0.72873
7453,0.726085
7454,0.727405
7455,0.727405
7456,0.727379
7457,0.730994
7458,0.729625
7459,0.729581
7460,0.72619
7461,0.723798
7462,0.723956
7463,0.7259
7464,0.721189
7465,0.7259
7466,0.728412
7467,0.729208
7468,0.730353
7469,0.729501
7470,0.730807
7471,0.741812
7472,0.744685
7473,0.739208
7474,0.733192
7475,0.732091
7476,0.731957
7477,0.726111
7478,0.726348
7479,0.729076
7480,0.731074
7481,0.726401
7482,0.726559
7483,0.726401
7484,0.730007
7485,0.730727
7486,0.731609
7487,0.730994
7488,0.723014
7489,0.72469
7490,0.72469
7491,0.728226
7492,0.730034
7493,0.725426
7494,0.725979
7495,0.728783
7496,0.728385
7497,0.728518
7498,0.726956
7499,0.722308
7500,0.717772
7501,0.715359
7502,0.71347
7503,0.716307
7504,0.713216
7505,0.704945
7506,0.707114
7507,0.709698
7508,0.710631
7509,0.708667
7510,0.708717
7511,0.713267
7512,0.720487
7513,0.722961
7514,0.720098
7515,0.715922
7516,0.716384
7517,0.716384
7518,0.71286
7519,0.716435
7520,0.715615
7521,0.711642
7522,0.714796
7523,0.716692
7524,0.716486
7525,0.714439
7526,0.715768
7527,0.730407
7528,0.732547
7529,0.732493
7530,0.732896
7531,0.732789
7532,0.732225
7533,0.735889
7534,0.729501
7535,0.720409
7536,0.713521
7537,0.711845
7538,0.711845
7539,0.708265
7540,0.708291
7541,0.707364
7542,0.705916
7543,0.70279
7544,0.701656
7545,0.700795
7546,0.705393
7547,0.704722
7548,0.700697
7549,0.70055
7550,0.704399
7551,0.704349
7552,0.7043
7553,0.706714
7554,0.711288
7555,0.708015
7556,0.706814
7557,0.713496
7558,0.714184
7559,0.714184
7560,0.713216
7561,0.711592
7562,0.715615
7563,0.716153
7564,0.713903
7565,0.713547
7566,0.713598
7567,0.718856
7568,0.720617
7569,0.723014
7570,0.701238
7571,0.698666
7572,0.696088
7573,0.696088
7574,0.695217
7575,0.691683
7576,0.690322
7577,0.690655
7578,0.687191
7579,0.687687
7580,0.687687
7581,0.690846
7582,0.688753
7583,0.690846
7584,0.695701
7585,0.695943
7586,0.692689
7587,0.692689
